PID,Type,SMILES,density_MD,density_MD_std,n_repeat_vdw,vdw,FFV,N2,N2_log10
Perm139,Polysulfones,*OC1=CC=C(C=C1)S(=O)(=O)C1=CC=C(OC2=CC=C(OC3=CC=C(*)C=C3)C=C2)C=C1,1.2333569262,0.0077421081007369,10,0.5043780922484206,0.1912983224524284,0.196,-0.707743928643524
Perm2,Substituted Polyacetylenes,*C(=C(*)C1=CC2=C(C=C1)C1=C(C2)C=CC=C1)C1=CC=CC=C1,0.8624997109000001,0.012608478029274,10,0.5655972525336848,0.3658242931650213,1300.0,3.113943352306837
Perm3,Substituted Polyacetylenes,*C(=C(*)C1=CC2=C(C=C1)C1=C(C=CC=C1)C=C2)C1=CC=CC=C1,0.9004137235099999,0.012034427225006,10,0.5620911241531983,0.3420510693340861,650.0,2.8129133566428557
Perm4,Substituted Polyacetylenes,*C(=C(*)C1=CC=C(C=C1)C1=CC=CC=C1)C1=CC=CC=C1,0.8735587305,0.0104052659771213,10,0.5779474456395146,0.3436676520188562,65.0,1.8129133566428555
Perm6,Substituted Polyacetylenes,*C(=C(*)C1=CC=C2C3=C(C=CC=C3)C3(CC3)C2=C1)C1=CC=CC=C1,0.82358907564,0.0096575608775921,10,0.5691612238059106,0.3906185439342265,400.0,2.6020599913279625
Perm7,Substituted Polyacetylenes,*C(=C(*)C1=CC=C2CCCC2=C1)C1=CC=CC=C1,0.8083088407500001,0.0102339531634355,10,0.5839613533357622,0.3863725380750794,30.0,1.4771212547196624
Perm8,Substituted Polyacetylenes,*C(=C(*)C1=CC=CC=C1)C1=CC=CC=C1,0.8305004782400001,0.0089458219935983,10,0.5825707123783551,0.3710271681895061,2720.0,3.4345689040341987
Perm9,Poly(aryl ethers) and Poly(aryl ether ketones),*C(=O)C1=CC=C(C=C1)C1(OC(=O)C2=C1C=CC=C2)C1=CC=C(C=C1)C(=O)C1=CC=C(OC2=CC=C(C=C2)C(=O)C2=CC=C(C=C2)C(=O)C2=CC=C(OC3=CC=C(*)C=C3)C=C2)C=C1,1.1497242726,0.0070644421270412,10,0.5259264286845257,0.2139285051414382,0.0729,-1.1372724716820253
Perm10,Poly(aryl ethers) and Poly(aryl ether ketones),*C(=O)C1=CC=C(C=C1)C1(OC(=O)C2=C1C=CC=C2)C1=CC=C(C=C1)C(=O)C1=CC=C(OC2=CC=C(C=C2)C(=O)C2=CC=C(OC3=CC=C(*)C=C3)C=C2)C=C1,1.1537236766,0.0089421825060733,10,0.525352663851894,0.2120546510939455,0.0986,-1.0061230850587888
Perm11,Poly(aryl ethers) and Poly(aryl ether ketones),*C(=O)C1=CC=C(C=C1)C1(OC(=O)C2=C1C=CC=C2)C1=CC=C(C=C1)C(=O)C1=CC=C(OC2=CC=C(C=C2)C(=O)C2=CC=CC(=C2)C(=O)C2=CC=C(OC3=CC=C(*)C=C3)C=C2)C=C1,1.1451486112,0.0078520090701534,10,0.5259585758131321,0.2170090475665204,0.031,-1.5086383061657274
Perm13,Polyimides and Polypyrrolones,*C1=CC(C(=O)C2=CC=CC=C2)=C(*)C=C1,0.95748664936,0.0065972273496167,10,0.548760706572005,0.3169396346931281,0.4,-0.3979400086720376
Perm15,Polyimides_NEW,*C1=CC2=C(OC3=CC(=CC=C3O2)C2(C3=C(C=CC=C3)C3=C2C=CC=C3)C2=CC3=C(OC4=C(O3)C=CC(*)=C4)C=C2)C=C1,0.91603189125,0.0085884273370243,10,0.5139256587226898,0.3879960189418581,1.04,0.01703333929878037
Perm16,High Temperature Polymers,*C1=CC2C(C=C1)C(=O)N(C2=O)C1=CC=C(OC2=CC=C(C=C2)N2C(=O)C3=CC=C(*)C=C3C2=O)C=C1,1.1488317112,0.0067174805045287,10,0.5009245422339081,0.2518786012523454,0.09,-1.0457574905606752
Perm17,Polyimides_NEW,*C1=CC=C(C=C1)C1(C2=C(C=CC=C2)C2=C1C=CC=C2)C1=CC=C(*)C=C1,0.8927828537199999,0.0078271415074051,10,0.5610661462833513,0.3488166942341066,1.36,0.13353890837021754
Perm18,High Temperature Polymers,*C1=CC=C(C=C1)C1(OC(=O)C2=CC=CC=C12)C1=CC=C(*)C=C1,0.95887945161,0.0081073092155579,10,0.5324351027333243,0.3362965968751028,2.391,0.3785795761157748
Perm19,Polyimides_NEW,*C1=CC=C(OC2=CC=C(C=C2)C(C2=CC=CC=C2)(C2=CC=CC=C2)C2=CC=C(OC3=CC=C(*)C=C3)C=C2)C=C1,1.0500354873,0.007497211714077,10,0.559474567235119,0.2362914052097098,0.47,-0.3279021420642826
Perm20,Polyimides_NEW,*C1=CC=C(OC2=CC=C(C=C2)C2(C3C=CC=CC3C3C=CC=CC23)C2=CC=C(OC3=CC=C(*)C=C3)C=C2)C=C1,1.0484793634,0.0077740501297908,10,0.5565801429977307,0.2413683677852557,0.66,-0.1804560644581313
Perm21,Polysulfones,*C1=CC=C(OC2=CC=C(C=C2)S(=O)(=O)C2=CC=C(OC3=CC=C(C=C3)S(*)(=O)=O)C=C2)C=C1,1.2697049749,0.0076413258736483,10,0.4854115154855292,0.1987717590885577,0.13,-0.8860566476931632
Perm22,Polyimides_NEW,*C1=CC=C(OC2=CC=C(OC3=CC=C(*)C=C3)C3=C2C2C4=C(C=CC=C4)C3C3=C2C=CC=C3)C=C1,1.039172355,0.0075517353538288,10,0.5370948903907736,0.2744255892623987,0.58,-0.23657200643706275
Perm23,High Temperature Polymers,*C1=CC=C2C(=O)N(C(=O)C2=C1)C1=CC=C(OC2=CC=C(C=C2)N2C(=O)C3=C(C=C(C=C3)C3=NC4=C(C=C(CC5=CC=C6N=C(*)OC(=O)C6=C5)C=C4)C(=O)O3)C2=O)C=C1,1.1974327489,0.0067528909090498,10,0.4874814254709346,0.2411559096588427,0.0053,-2.275724130399211
Perm25,High Temperature Polymers,*C1=NC2=C(N1)C=CC(=C2)C1=CC2=C(NC(=N2)C2=CC=CC(*)=C2)C=C1,1.1316929946,0.0069132745793335,10,0.5179765516413217,0.2379524346825863,0.0048,-2.318758762624413
Perm27,High Temperature Polymers,*C1=NN=C(N1C1=CC=CC=C1)C1=CC(*)=CC=C1,1.0351984988000005,0.0081183083225533,10,0.5320345831828809,0.284010177633217,0.09,-1.0457574905606752
Perm28,High Temperature Polymers,*C1=NN=C(N1C1=CC=CC=C1)C1=CC=CC(=C1)C1=NN=C(N1C1=CC=CC=C1)C1=CC=C(*)C=C1,1.0866257948,0.0075173208283649,10,0.5305048934903408,0.2506016080054998,0.14,-0.8538719643217619
Perm30,Vinyl and Vinylidene Polymers,*CC(*)C#N,0.97288791616,0.0062290664104872,10,0.600211395504198,0.2408800620241658,0.00016,-3.795880017344075
Perm31,Vinyl and Vinylidene Polymers,*CC(*)C1=CC=CC=C1,0.93663776549,0.008922554794418,10,0.6157732721851792,0.2502165477796105,0.53,-0.27572413039921095
Perm32,Vinyl and Vinylidene Polymers,*CC(*)C1=CC=NC=C1,0.97336577416,0.008691466969402,10,0.5865062227392136,0.2578493913899242,0.13,-0.8860566476931632
Perm34,Vinyl and Vinylidene Polymers,*CC(*)OC(=C)C1CCCCC1,0.88682452556,0.008373687296832,10,0.6354647432458242,0.2673905647291891,0.447,-0.34969247686806354
Perm36,Vinyl and Vinylidene Polymers,*CC(*)OC1C2CC3CC(C2)CC1C3,0.91679163139,0.0078043747449387,10,0.6007577018666865,0.2839994763661931,1.69,0.22788670461367352
Perm37,Vinyl and Vinylidene Polymers,*CC(*)OC1CC2CC1C1CCCC21,0.94282133581,0.0080733463085016,10,0.6050916590004219,0.258358675905853,1.2,0.07918124604762482
Perm38,Vinyl and Vinylidene Polymers,*CC(*)OC1CC2CCC1C2,0.94558488113,0.0077481807862357,10,0.6086811003192552,0.2517724603411013,0.96,-0.017728766960431602
Perm39,Vinyl and Vinylidene Polymers,*CC(*)OC1CCCCC1,0.89856869395,0.0082145716033783,10,0.6337733501888005,0.2596644409986934,0.99,-0.004364805402450088
Perm40,Vinyl and Vinylidene Polymers,*CC(*)OCC1=CC=CC=C1,1.0443837128,0.0087451971079474,10,0.5930883595439221,0.1947646301533744,0.79,-0.10237290870955855
Perm41,Vinyl and Vinylidene Polymers,*CC(*)OCC1CC2CC1C1CCCC21,0.98445353876,0.0077616110511846,10,0.6132420089856137,0.2151792543791671,0.13,-0.8860566476931632
Perm42,Vinyl and Vinylidene Polymers,*CC(*)OCC1CCCCC1,0.90982318292,0.0083474863869223,10,0.6424379142641955,0.2401436196203626,0.4,-0.3979400086720376
Perm43,Polyolefins,*CC*,0.82327293345,0.0068578127448763,10,0.7390009453481338,0.2090806810711943,0.2375,-0.6243363860391147
Perm45,Parylenes,*CC1=CC=C(C*)C=C1,1.00165451618,0.0071337801596553,10,0.6149517242265464,0.1992400766545424,0.047,-1.3279021420642825
Perm46,Vinyl and Vinylidene Polymers,*CC1CC(*)OCO1,1.0786845793,0.0073064967054292,10,0.5531035555998522,0.224388440963971,0.018,-1.744727494896694
Perm47,Polyolefins,*CCCC*,0.80672828915,0.0069503337906589,10,0.7297147522939875,0.2347140062086619,4.0,0.6020599913279624
Perm48,Hydrocarbon Elastomers,*CCCC=C*,0.83400736073,0.0091666463462852,10,0.699714826641877,0.2413624894193862,100.0,2.0
Perm50,Thermally Rearranged Polymers,*CCCCO*,0.96258500444,0.0082079745978977,10,0.6437989045757015,0.1943754771546906,8.85,0.9469432706978255
Perm57,Various Polymers,*CO*,1.2400316471,0.0085702552830395,10,0.5387821962455444,0.1314609334899268,0.024,-1.6197887582883939
Perm58,Hydrocarbon Elastomers,*C\C=C/C*,0.84101602449,0.0087849192920751,10,0.6936309815226566,0.2416387982937343,15.76,1.1975562131535364
Perm59,Polyimides and Polypyrrolones,*N1C(=O)C2=C(C=C(C(OC3=CC=CC=C3)=C2)C2=C(OC3=CC=CC=C3)C=C3C(=O)N(C(=O)C3=C2)C2=CC=C(CC3=CC=C(*)C=C3)C=C2)C1=O,1.1066155250000005,0.0073504300151979,10,0.5129379828932871,0.262087324198535,0.73,-0.1366771398795441
Perm60,Polyimides and Polypyrrolones,*N1C(=O)C2=C(C=C(C(OC3=CC=CC=C3)=C2)C2=C(OC3=CC=CC=C3)C=C3C(=O)N(C(=O)C3=C2)C2=CC=C(OC3=CC=C(*)C=C3)C=C2)C1=O,1.1301375914999998,0.0083390544451776,10,0.5035459936608724,0.2602008665690157,0.83,-0.08092190762392612
Perm61,Polyimides and Polypyrrolones,*N1C(=O)C2=C(C=C(C=C2)C(=O)C2=CC=C3C(=O)N(C(=O)C3=C2)C2=CC(*)=CC=C2)C1=O,1.2129779362,0.0074051835102737,10,0.4821971577503697,0.2396371327755859,0.016,-1.7958800173440752
Perm63,Polyimides and Polypyrrolones,*N1C(=O)C2=C(C=C(C=C2)C(=O)C2=CC=C3C(=O)N(C(=O)C3=C2)C2=CC=C(CC3=CC=C(*)C=C3)C=C2)C1=O,1.1869138425,0.0071397069267739,10,0.5022542233897604,0.2250277627459878,0.02,-1.6989700043360187
Perm64,Polyimides and Polypyrrolones,*N1C(=O)C2=C(C=C(C=C2)C(=O)C2=CC=C3C(=O)N(C(=O)C3=C2)C2=CC=C(OC3=CC=C(*)C=C3)C=C2)C1=O,1.2139549383,0.0065217992390303,10,0.490189137903873,0.2264122179427459,0.012,-1.9208187539523751
Perm65,Polyimides and Polypyrrolones,*N1C(=O)C2=C(C=C(C=C2)C2=CC=C3C(=O)N(C(=O)C3=C2)C2=CC=C(C=C2)S(=O)(=O)C2=CC=C(*)C=C2)C1=O,1.2212393922000002,0.006565249454903,10,0.4779612425744546,0.241183373410181,0.0499,-1.30189945437661
Perm66,Polyimides and Polypyrrolones,*N1C(=O)C2=C(C=C(C=C2)C2=CC=C3C(=O)N(C(=O)C3=C2)C2=CC=C(CC3=CC=C(*)C=C3)C=C2)C1=O,1.1692202049,0.0071123390473972,10,0.507243982510131,0.2289961128857762,0.0221,-1.6556077263148892
Perm67,Polyimides and Polypyrrolones,*N1C(=O)C2=C(C=C(C=C2)C2=CC=C3C(=O)N(C(=O)C3=C2)C2=CC=C(OC3=CC=C(*)C=C3)C=C2)C1=O,1.1776905628,0.0067508761362361,10,0.4944583958256607,0.2429853176005602,0.0215,-1.6675615400843946
Perm68,Polyimides and Polypyrrolones,*N1C(=O)C2=C(C=C(C=C2)C2=CC=C3C(=O)N(C(=O)C3=C2)C2=CC=C(OC3=CC=C(C=C3)S(=O)(=O)C3=CC=C(OC4=CC=C(*)C=C4)C=C3)C=C2)C1=O,1.2031160243,0.0068571331703194,10,0.4892246651732577,0.2348277556014268,0.0544,-1.26440110030182
Perm69,Polyimides and Polypyrrolones,*N1C(=O)C2=C(C=C(C=C2)C2=CC=C3C(=O)N(C(=O)C3=C2)C2=CC=C(OC3=CC=C(OC4=CC=C(OC5=CC=C(*)C=C5)C=C4)C=C3)C=C2)C1=O,1.2059586132,0.0071573228454079,10,0.5034500894147224,0.210718036860207,0.0392,-1.4067139329795428
Perm70,Polyimides and Polypyrrolones,*N1C(=O)C2=C(C=C(C=C2)C2=CC=C3C(=O)N(C(=O)C3=C2)C2=CC=C(SC3=CC=C(*)C=C3)C=C2)C1=O,1.2107778849000002,0.0067305803181628,10,0.4904032552689661,0.2280997589885761,0.022,-1.6575773191777938
Perm71,Polyimides and Polypyrrolones,*N1C(=O)C2=C(C=C(C=C2)S(=O)(=O)C2=CC=C3C(=O)N(C(=O)C3=C2)C2=CC=C(CC3=CC=C(*)C=C3)C=C2)C1=O,1.253213856,0.0065821822954027,10,0.4846227158704742,0.2104633268004019,0.032,-1.494850021680094
Perm72,Polyimides and Polypyrrolones,*N1C(=O)C2=C(C=C(C=C2)S(=O)(=O)C2=CC=C3C(=O)N(C(=O)C3=C2)C2=CC=C(OC3=CC=C(*)C=C3)C=C2)C1=O,1.2210342161,0.0063707663185739,10,0.4734895589151885,0.2484089618779953,0.027,-1.5686362358410126
Perm73,Polyimides and Polypyrrolones,*N1C(=O)C2=C(C=C(OC3=CC=C(OC4=CC=C5C(=O)N(C(=O)C5=C4)C4=CC=C(CC5=CC=C(*)C=C5)C=C4)C=C3)C=C2)C1=O,1.2113698788,0.0069615326401138,10,0.5040911193051276,0.2061669624741485,0.036,-1.4436974992327127
Perm74,Polyimides and Polypyrrolones,*N1C(=O)C2=C(C=C(OC3=CC=C(OC4=CC=C5C(=O)N(C(=O)C5=C4)C4=CC=C(OC5=CC=C(*)C=C5)C=C4)C=C3)C=C2)C1=O,1.2378936986,0.0064585066180668,10,0.49461100170432,0.2040414050515849,0.034,-1.4685210829577449
Perm75,Polyimides and Polypyrrolones,*N1C(=O)C2=C(C=C(OC3=CC=C4C(=O)N(C(=O)C4=C3)C3=CC(*)=CC=C3)C=C2)C1=O,1.2361239312,0.0074154988334295,10,0.4799723139791554,0.2287031572900033,0.012,-1.9208187539523751
Perm76,Polyimides and Polypyrrolones,*N1C(=O)C2=C(C=C(OC3=CC=C4C(=O)N(C(=O)C4=C3)C3=CC=C(CC4=CC=C(*)C=C4)C=C3)C=C2)C1=O,1.1905518098000003,0.0067010234357021,10,0.5010336001207639,0.2245416027872993,0.028,-1.5528419686577808
Perm78,Polyimides and Polypyrrolones,*N1C(=O)C2=C(C=C(SC3=CC=C4C(=O)N(C(=O)C4=C3)C3=CC=C(CC4=CC=C(*)C=C4)C=C3)C=C2)C1=O,1.1975321104,0.0068552724596114,10,0.4969732793166606,0.226316102009764,0.027,-1.5686362358410126
Perm79,Polyimides and Polypyrrolones,*N1C(=O)C2=C(C=C(SC3=CC=C4C(=O)N(C(=O)C4=C3)C3=CC=C(OC4=CC=C(*)C=C4)C=C3)C=C2)C1=O,1.2370422366,0.0068089408827118,10,0.4849005874193208,0.2202047406531944,0.021,-1.6777807052660807
Perm80,Polyimides and Polypyrrolones,*N1C(=O)C2=C(C=C3C(=C2)S(=O)(=O)C2=C(C=C4C(=O)N(C(=O)C4=C2)C2=CC=C(OC4=CC=C(*)C=C4)C=C2)S3(=O)=O)C1=O,1.1698866932999998,0.0069138610416487,10,0.4451187658714369,0.3230399225295541,0.27,-0.5686362358410126
Perm87,Polyimides and Polypyrrolones,*N1C(=O)C2=CC=C(C=C2C1=O)C(=O)C1=CC=C2C(=O)N(C(=O)C2=C1)C1=CC=C(OC2=CC=C(*)C=C2)C=C1,1.2035022262,0.0064883864083404,10,0.4901347033453402,0.2331583314018084,0.0236,-1.6270879970298935
Perm91,Polyimides and Polypyrrolones,*N1C(=O)C2=CC=C(OC3=CC=C(OC4=CC5=C(C=C4)C(=O)N(C5=O)C4=CC=C(CC5=CC=C(*)C=C5)C=C4)C=C3)C=C2C1=O,1.1872565027000002,0.0063498462310768,10,0.5054889015870425,0.2198115189125343,0.0355,-1.449771646944906
Perm92,Polyimides and Polypyrrolones,*N1C(=O)C2=CC=C(OC3=CC=C(OC4=CC5=C(C=C4)C(=O)N(C5=O)C4=CC=CC(*)=C4)C=C3)C=C2C1=O,1.2177334962,0.0068019472046569,10,0.4888194664611158,0.2261726107243928,0.016,-1.7958800173440752
Perm93,Polyimides and Polypyrrolones,*N1C(=O)C2C=C3C(=O)N(C(=O)C3=CC2C1=O)C1=CC(OC2=CC(*)=CC=C2)=CC=C1,1.2065623196000002,0.0075111325991036,10,0.488103345475027,0.2343947638628705,0.018,-1.744727494896694
Perm94,Polyimides and Polypyrrolones,*N1C(=O)C2C=CC(=CC2C1=O)C(=O)C1=CC=C2C(=O)N(C(=O)C2=C1)C1=CC=C(C=C1)N(C1=CC=CC=C1)C1=CC=C(*)C=C1,1.1212571899,0.0077267950301665,10,0.5113672102027249,0.2546135905454171,0.144,-0.8416375079047503
Perm95,Polyimides and Polypyrrolones,*N1C(=O)C2C=CC(=CC2C1=O)C1=CC=C2C(=O)N(C(=O)C2=C1)C1=CC=C(C=C1)N(C1=CC=CC=C1)C1=CC=C(*)C=C1,1.1030164929,0.0076643352003603,10,0.515560902655118,0.2607261676600915,0.196,-0.707743928643524
Perm96,Polyimides and Polypyrrolones,*N1C(=O)C2C=CC(=CC2C1=O)C1=CC=C2C(=O)N(C(=O)C2=C1)C1=CC=C(C=C1)S(=O)(=O)C1=CC=C(*)C=C1,1.2182266719,0.0067731655718433,10,0.4835087784863429,0.2342697229351926,0.069,-1.1611509092627446
Perm98,Polyimides and Polypyrrolones,*N1C(=O)C2C=CC(OC3=CC=C4C(=O)N(C(=O)C4=C3)C3=CC=C(C=C3)N(C3=CC=CC=C3)C3=CC=C(*)C=C3)=CC2C1=O,1.1727620639000005,0.0071341504367051,10,0.510287761157826,0.2220200336541286,0.117,-0.9318141382538383
Perm100,Polyamides and poly(amide-imides),*NC(=O)C1=CC(=CC=C1)C(=O)NC1=CC=C(C=C1)C1(C2C=CC=CC2C2C=CC=CC12)C1=CC=C(*)C=C1,1.0664932661,0.0074932658742542,10,0.55072543319966,0.2364515442293243,0.197,-0.7055337738384071
Perm101,Polyamides and poly(amide-imides),*NC(=O)C1=CC=C(C=C1)C(=O)NC1=CC=C(C=C1)C1(C2C=CC=CC2C2C=CC=CC12)C1=CC=C(*)C=C1,1.0500773235,0.0079635962221603,10,0.5506216802898863,0.2483460576101603,0.517,-0.2865094569060575
Perm102,Conjugated Polymers (excl. subst. acetylenes/propynes),*NC1=CC=C(*)C=C1,1.1636501549,0.0062018520710177,10,0.561859333172358,0.1500499898985673,0.0165,-1.7825160557860937
Perm111,Polycarbonates,*OC(=O)OC1=CC=C(C=C1)C1(C2=C(C=CC=C2)C2=C1C=CC=C2)C1=CC=C(*)C=C1,1.0762658763,0.0076243037781078,10,0.5319640682784622,0.2557047936624183,0.592,-0.22767829327708025
Perm112,Polycarbonates,*OC(=O)OC1=CC=C(C=C1)C1(CC2CCC1C2)C1=CC=C(*)C=C1,1.0820721594000002,0.0075358100197367,10,0.5476884090265732,0.2295701067361448,0.47,-0.3279021420642826
Perm113,Polycarbonates,*OC(=O)OC1=CC=C(C=C1)C1(CCCCC1)C1=CC=C(*)C=C1,1.0662909702,0.0070660897461051,10,0.5561146337263275,0.2291259839599974,0.105,-0.978810700930062
Perm114,Poly(aryl ethers) and Poly(aryl ether ketones),*OC1=C(C=C(*)C=C1C1=CC=CC=C1)C1=CC=CC=C1,1.00743737102,0.0082580774338076,10,0.5547779653902664,0.2734247285616272,1.5,0.17609125905568124
Perm115,Polysulfones,*OC1=C2C=CC=C(OC3=CC=C(C=C3)S(=O)(=O)C3=CC=C(*)C=C3)C2=CC=C1,1.2065012648000002,0.0073355106570804,10,0.502100876767859,0.2124790542591058,0.057,-1.2441251443275085
Perm117,High Temperature Polymers,*OC1=CC2=C(C=C1)N=C(C1=CC=CC=C1)C(=N2)C1=CC=C(C=C1)C1=NC2=C(C=CC(*)=C2)N=C1C1=CC=CC=C1,1.069858881,0.0072551353658629,10,0.5278105162122354,0.2659124012686891,3.44,0.5365584425715301
Perm119,Poly(aryl ethers) and Poly(aryl ether ketones),*OC1=CC=C(C(=O)C2=CC=C(OC3=CC=C(C=C3)C3(C4C=CC=CC4C4C=CC=CC34)C3=CC=C(*)C=C3)C=C2)C2=C1C=CC=C2,1.0484807684,0.0078482038986902,10,0.5492166445179629,0.2514039836990575,0.222,-0.6536470255493614
Perm120,Poly(aryl ethers) and Poly(aryl ether ketones),*OC1=CC=C(C=C1)C(=O)C1=CC(=CC=C1)C1=CC(=CC=C1)C(=O)C1=CC=C(OC2=CC=C(C=C2)C2(C3C=CC=CC3C3C=CC=CC23)C2=CC=C(*)C=C2)C=C1,1.0807266936000002,0.0073377285947075,10,0.549706408207063,0.2276928943099434,0.0639,-1.1944991418415998
Perm121,Poly(aryl ethers) and Poly(aryl ether ketones),*OC1=CC=C(C=C1)C(=O)C1=CC=C(C=C1)C1=CC=C(C=C1)C(=O)C1=CC=C(OC2=CC=C(C=C2)S(=O)(=O)C2=CC=C(*)C=C2)C=C1,1.1877543728,0.0072129604845286,10,0.5174043854191591,0.2010858823262463,0.11,-0.958607314841775
Perm122,Polyarylates,*OC1=CC=C(C=C1)C1(C2=C(C=CC=C2)C2=C1C=CC=C2)C1=CC=C(OC(=O)C2=CC=CC(=C2)C(*)=O)C=C1,1.0639560391,0.0085911233475159,10,0.5308636870868345,0.2657396864405906,0.64,-0.1938200260161128
Perm123,Polysulfones,*OC1=CC=C(C=C1)C1(C2C=CC=CC2C2C=CC=CC12)C1=CC=C(OC2=CC=C(C=C2)S(=O)(=O)C2=CC=C(*)C=C2)C=C1,1.1110695521000002,0.0076131497482004,10,0.5321835736428425,0.2313191457569702,0.484,-0.31515463835558755
Perm124,Polysulfones,*OC1=CC=C(C=C1)C1(C2CC3CC(C2)CC1C3)C1=CC=C(OC2=CC=C(C=C2)S(=O)(=O)C2=CC=C(*)C=C2)C=C1,1.0943862111,0.0067592097284386,10,0.5344977172922578,0.239568988830205,0.332,-0.4788619162959637
Perm125,Poly(aryl ethers) and Poly(aryl ether ketones),*OC1=CC=C(C=C1)C1(NC(=O)C2C=CC=CC12)C1=CC=C(OC2=CC=C(C=C2)C(=O)C2=CC=C(*)C=C2)C=C1,1.1462884576,0.0076086768204609,10,0.5343048898022175,0.2037922135746215,0.0921,-1.035740369803151
Perm126,Uncategorised,*OC1=CC=C(C=C1)C1(OC(=O)C2=C1C=CC=C2)C1=CC=C(OC(=O)C2=CC=CC(=C2)C(*)=O)C=C1,1.1758585765000005,0.0086735732966759,10,0.5107886518973578,0.2192002177539042,0.342,-0.46597389394386496
Perm127,Polysulfones,*OC1=CC=C(C=C1)C1(OC(=O)C2=C1C=CC=C2)C1=CC=C(OC2=CC=C(C=C2)S(=O)(=O)C2=CC=C(*)C=C2)C=C1,1.1684222175,0.0077854766791677,10,0.5051884895121581,0.2326445082773472,0.17,-0.769551078621726
Perm128,Polyarylates,*OC1=CC=C(C=C1)C1(OC(=O)C2=CC=CC=C12)C1=CC=C(OC(=C)C2=CC=C(C=C2)C2=CC=C(C=C2)C(*)=O)C=C1,1.1400349477,0.0074014335525158,10,0.5301916410461884,0.2142319002976107,0.282,-0.549750891680639
Perm129,Poly(aryl ethers) and Poly(aryl ether ketones),*OC1=CC=C(C=C1)C1(OC(=O)C2C=CC=CC12)C1=CC=C(OC2=CC=C(C=C2)C(=O)C2=CC=C(*)C=C2)C=C1,1.135146548,0.007343530754483,10,0.5290701220369528,0.2192562405157585,0.153,-0.8153085691824012
Perm130,Poly(aryl ethers) and Poly(aryl ether ketones),*OC1=CC=C(C=C1)C1(OC(=O)C2C=CC=CC12)C1=CC=C(OC2=CC=C(C=C2)C(=O)C2=CC=C(C=C2)C(=O)C2=CC=C(*)C=C2)C=C1,1.1392932008,0.0072479769648076,10,0.5292325091709092,0.2161637008570371,0.0728,-1.1378686206869628
Perm131,Polysulfones,*OC1=CC=C(C=C1)C12CC3CC(C1)CC(C3)(C2)C1=CC=C(OC2=CC=C(C=C2)S(=O)(=O)C2=CC=C(*)C=C2)C=C1,1.1418454259,0.0071158421857086,10,0.533403656612335,0.2082161169005322,0.455,-0.34198860334288755
Perm132,Polysulfones,*OC1=CC=C(C=C1)C1=CC=C(OC2=CC=C(C=C2)S(=O)(=O)C2=CC=C(*)C=C2)C=C1,1.1908224475,0.0081497068316815,10,0.5113123965349281,0.2084530366775422,0.24,-0.619788758288394
Perm133,Poly(aryl ethers) and Poly(aryl ether ketones),*OC1=CC=C(C=C1)C1=NN(C(=O)C2C=CC=CC12)C1=CC=C(C=C1)C(=O)C1=CC=C(*)C=C1,1.1400920141000002,0.007616553825791,10,0.527954907726525,0.2175076736649123,0.11,-0.958607314841775
Perm134,Polysulfones,*OC1=CC=C(C=C1)C1=NN(C2=CC=C(C=C2)S(=O)(=O)C2=CC=C(*)C=C2)C(=O)C2=C1C=CC=C2,1.2088721623,0.0078387666622737,10,0.4988599830378865,0.2160246697060635,0.027,-1.5686362358410126
Perm135,Polysulfones,*OC1=CC=C(C=C1)S(=O)(=O)C1=CC=C(OC2=CC3=CC(*)=CC=C3C=C2)C=C1,1.2329637754,0.0076157474459343,10,0.5018617413175694,0.1955894485051528,0.0735,-1.133712660915805
Perm136,Polysulfones,*OC1=CC=C(C=C1)S(=O)(=O)C1=CC=C(OC2=CC3=CC=C(*)C=C3C=C2)C=C1,1.2108570799,0.0072601158913988,10,0.5014310403721554,0.2106902770888788,0.0507,-1.294992040666664
Perm137,Polysulfones,*OC1=CC=C(C=C1)S(=O)(=O)C1=CC=C(OC2=CC=C(C=C2)C2(C3=C(C=CC=C3)C3=C2C=CC=C3)C2=CC=C(*)C=C2)C=C1,1.138789304,0.0081455899777775,10,0.52283767035716,0.2259774692496848,0.484,-0.31515463835558755
Perm138,Polysulfones,*OC1=CC=C(C=C1)S(=O)(=O)C1=CC=C(OC2=CC=C(C=C2)C2=CC=C(*)C=C2)C=C1,1.1878829394,0.0077574991861701,10,0.5112679180713111,0.2104756314586924,0.236,-0.6270879970298935
Perm140,Polysulfones,*OC1=CC=C(C=C1)S(=O)(=O)C1=CC=C(OC2=CC=CC3=C(*)C=CC=C23)C=C1,1.1951643291999998,0.007682652720142,10,0.5017820295008062,0.2203744224991707,0.0568,-1.245651664288981
Perm143,Poly(aryl ethers) and Poly(aryl ether ketones),*OC1=CC=C(OC2=CC=C(C=C2)C(=O)C2=CC=C(*)C=C2)C=C1,1.1769223348,0.0070362466999353,10,0.52943745478293,0.1899612049621959,0.0398,-1.4001169279263121
Perm144,Polysulfones,*OC1=CC=C(OC2=CC=C(OC3=CC=C(C=C3)S(=O)(=O)C3=CC=C(*)C=C3)C=C2)C=C1,1.2241242644,0.0069766951784383,10,0.504191982549176,0.1976482683192959,0.196,-0.707743928643524
Perm145,Polyesters,*OCCCCCC(*)=O,1.00085262148,0.0091501543680355,10,0.5988415351511721,0.2208422436006943,0.59,-0.22914798835785583
Perm146,Uncategorised,*SC1=CC=C(*)C=C1,1.235166809,0.0073980648014251,10,0.5091153708424566,0.1825048695787724,0.046,-1.337242168318426
Perm148,Polyimides and Polypyrrolones,BrC1=CC(*)=CC=C1CC1=C(Br)C=C(C=C1)N1C(=O)C2=CC=C(C=C2C1=O)C1=CC2=C(C=C1)C(=O)N(*)C2=O,1.4092629043,0.0072137254556672,10,0.4164188917615803,0.2371031941478943,0.0103,-1.9871627752948278
Perm149,Uncategorised,BrC1=CC(=CC(Br)=C1O*)C1(C2C=CC=CC2C2C=CC=CC12)C1=CC(Br)=C(OC(=O)C2=CC=CC(=C2)C(*)=O)C(Br)=C1,1.409526249,0.0100186736307616,10,0.387800710033672,0.2894001357747121,0.704,-0.1524273408578878
Perm150,Uncategorised,BrC1=CC(=CC(Br)=C1O*)C1(OC(=O)C2=C1C=CC=C2)C1=CC(Br)=C(OC(=O)C2=CC=CC(=C2)C(*)=O)C(Br)=C1,1.5597772854999998,0.0097406271828776,10,0.3621245630378863,0.2657162316674597,0.282,-0.549750891680639
Perm151,Parylenes,BrC1=CC(C*)=CC=C1C*,1.4796808071999998,0.0088862200374648,10,0.4153577857935408,0.2010239731122716,0.00061,-3.214670164989233
Perm153,Vinyl and Vinylidene Polymers,BrC1=CC=C(C=C1)C(*)C*,1.3967083272999998,0.0104259629368603,10,0.4160174927151402,0.2446283747089855,0.32,-0.494850021680094
Perm157,Vinyl and Vinylidene Polymers,CC(*)(C*)C(=O)OCC(F)(F)C(F)(F)C(F)(F)C(F)(F)C(F)(F)C(F)(F)C(F)(F)F,1.5164963537999998,0.011611479306766,10,0.369260445828194,0.2720232443886758,15.0,1.1760912590556813
Perm158,Vinyl and Vinylidene Polymers,CC(*)(C*)C1=CC=CC=C1,0.91762302911,0.0075917595071095,10,0.6272689275507662,0.25172466262457,0.15,-0.8239087409443188
Perm159,Polymers with High Free Volume,CC(*)=C(*)C1=CC=CC=C1,0.7767120070000001,0.0104054460604849,10,0.6072797391765796,0.3868140954658389,12.25,1.0881360887005513
Perm161,Polyolefins,CC(*)C*,0.79940248571,0.0075830202485214,10,0.733369988733218,0.237864870480016,0.5,-0.3010299956639812
Perm163,Vinyl and Vinylidene Polymers,CC(=O)OC(*)CC(C*)(C#N)C#N,1.0363246494999998,0.0074329532397603,10,0.5499377539230413,0.2591117348945531,0.0138,-1.8601209135987635
Perm164,Vinyl and Vinylidene Polymers,CC(=O)OC1=CC=C(C=C1)C(*)C*,1.0385958467999998,0.008748488987625,10,0.5645515650609436,0.2377568159902433,0.64,-0.1938200260161128
Perm165,Polyimides_NEW,CC(=O)OC1=CC=C2C=C(C=CC2=C1C1=C(OC(C)=O)C=CC2=CC(*)=CC=C12)N1C(=O)C2=C(C=C(C=C2)C(=O)C2=CC3=C(C=C2)C(=O)N(*)C3=O)C1=O,1.1485531958,0.0082961764224765,10,0.4969873618660975,0.2579386504334274,0.15,-0.8239087409443188
Perm166,Polyimides_NEW,CC(=O)OC1=CC=C2C=C(C=CC2=C1C1=C(OC(C)=O)C=CC2=CC(*)=CC=C12)N1C(=O)C2=C(C=C(C=C2)C(C2=CC3=C(C=C2)C(=O)N(*)C3=O)(C(F)(F)F)C(F)(F)F)C1=O,1.1308646625,0.0096996787648264,10,0.4668040035395299,0.3137402025087068,0.23,-0.638272163982407
Perm167,Polyimides_NEW,CC(=O)OC1=CC=C2C=C(C=CC2=C1C1=C(OC(C)=O)C=CC2=CC(*)=CC=C12)N1C(=O)C2=C(C=C(OC3=CC4=C(C=C3)C(=O)N(*)C4=O)C=C2)C1=O,1.1423952909,0.0075619748308235,10,0.4958865527510382,0.2635519985115534,0.1,-1.0
Perm169,Cellulosic Polymers,CC(=O)OC1OC(O*)C(OC(C)=O)C(O)C1*,1.0757398222,0.0093928445820832,10,0.4936715846280718,0.3096191625251074,0.14,-0.8538719643217619
Perm171,Hydrocarbon Elastomers,CC(C)(*)C*,0.78849400739,0.0067979927592563,10,0.7276020667265286,0.2541771698080193,0.76,-0.11918640771920865
Perm173,High Temperature Polymers,CC(C)(C)C1=CC(*)=CC(=C1)C1=NC2=C(N1)C=CC(=C2)C1=CC2=C(NC(*)=N2)C=C1,0.99683820007,0.0078131676647893,10,0.5488989471712824,0.2886875299258989,0.06,-1.2218487496163564
Perm175,Polyamides and poly(amide-imides),CC(C)(C)C1=CC(=CC(=C1)C(=O)NC1=CC=C(C=C1)C1(C2C=CC=CC2C2C=CC=CC12)C1=CC=C(*)C=C1)C(=O)N*,0.99795513698,0.0085779390012035,10,0.5682583876080762,0.2627747098409128,1.404,0.14736710779378645
Perm176,Polyarylates,CC(C)(C)C1=CC(=CC(=C1)C(=O)OC1=C(Br)C=C(C=C1Br)C(C)(C)C1=CC(Br)=C(O*)C(Br)=C1)C(*)=O,1.4446658724,0.0094842677212733,10,0.387759321455502,0.2717625440647316,0.89,-0.05060999335508721
Perm177,Polyarylates,CC(C)(C)C1=CC(=CC(=C1)C(=O)OC1=C(Br)C=C(C=C1Br)C(C1=CC(Br)=C(O*)C(Br)=C1)(C(F)(F)F)C(F)(F)F)C(*)=O,1.4472773782999997,0.0108526137718136,10,0.358983276989629,0.3245871112323792,4.47,0.6503075231319364
Perm178,Polyarylates,CC(C)(C)C1=CC(=CC(=C1)C(=O)OC1=C(Br)C=C(C=C1Br)C1(C2C=CC=CC2C2C=CC=CC12)C1=CC(Br)=C(O*)C(Br)=C1)C(*)=O,1.2889871696,0.0107231441808174,10,0.409460396921228,0.3138740424819779,2.895,0.461648568063455
Perm179,Uncategorised,CC(C)(C)C1=CC(=CC(=C1)C(=O)OC1=C(Br)C=C(C=C1Br)C1(OC(=O)C2=C1C=CC=C2)C1=CC(Br)=C(O*)C(Br)=C1)C(*)=O,1.409337969,0.00952275070614,10,0.3865984637684674,0.2916977381302363,1.19,0.07554696139253074
Perm180,Polyarylates,CC(C)(C)C1=CC(=CC(=C1)C(=O)OC1=C(Br)C=C(C=C1Br)C1(OC(=O)C2C=CC=CC12)C1=CC(Br)=C(O*)C(Br)=C1)C(*)=O,1.3722464939,0.0138191006093466,10,0.3906361554869307,0.3031361768152293,1.28,0.10720996964786837
Perm182,Poly(aryl ethers) and Poly(aryl ether ketones),CC(C)(C)C1=CC(OC2=CC=C(C=C2)C(=O)C2=CC=C(*)C=C2)=CC=C1O*,1.0540636602,0.007275505879482,10,0.559357222325123,0.2335224425396783,0.217,-0.6635402661514705
Perm185,Polyimides_NEW,CC(C)(C)C1=CC2=C(C=C1)C1=C(C=C(C=C1)C(C)(C)C)C2(C1=CC=C(*)C=C1)C1=CC=C(C=C1)N1C(=O)C2=C(C=C(C=C2)C(C2=CC3=C(C=C2)C(=O)N(*)C3=O)(C(F)(F)F)C(F)(F)F)C1=O,0.97637661574,0.0073654175322156,10,0.5065113174938004,0.3570904521888128,14.1,1.14921911265538
Perm186,Substituted Polyacetylenes,CC(C)(C)C1=CC=C(C=C1)C(*)=C(*)C1=CC=C(C=C1)S(O)(=O)=O,0.93796806695,0.0091941442968499,10,0.5409445257287694,0.340394701537502,11.0,1.0413926851582251
Perm187,Substituted Polyacetylenes,CC(C)(C)C1=CC=C(C=C1)C(*)=C(*)C1=CC=C(O)C=C1,0.77806062664,0.011267171132865,10,0.5957391570412133,0.3974224636060867,23.0,1.3617278360175928
Perm189,Substituted Polyacetylenes,CC(C)(C)C1=CC=C(C=C1)C(*)=C(*)C1=CC=CC(O)=C1,0.7813534859800001,0.0105944403448437,10,0.595669951435307,0.3949425690382311,210.0,2.322219294733919
Perm191,Substituted Polyacetylenes,CC(C)(C)C1=CC=C(C=C1)C(*)=C(*)C1=CC=CC=C1,0.7568579061,0.0117043439985784,10,0.6145785028687928,0.3953068215400483,930.0,2.9684829485539352
Perm192,Vinyl and Vinylidene Polymers,CC(C)(C)C1=CC=C(C=C1)C(*)C*,0.8171028429099999,0.0090022608072211,10,0.651368844231771,0.3080940652737847,8.4,0.9242792860618817
Perm194,Substituted Polyacetylenes,CC(C)(C)C1=CC=C(C=C1)C1=CC=C(C=C1)C(*)=C(*)C1=CC=CC=C1,0.8188735849800001,0.0093727160271275,10,0.602132221163723,0.3590087782507993,70.5,1.8481891169913987
Perm197,Polyimides and Polypyrrolones,CC(C)(C)C1=CC=C(OC2=CC3=C(C=C2C2=C(OC4=CC=C(C=C4)C(C)(C)C)C=C4C(=O)N(C(=O)C4=C2)C2=CC=C(OC4=CC=C(*)C=C4)C=C2)C(=O)N(*)C3=O)C=C1,1.0710084064999998,0.0075331928946998,10,0.53553157865194,0.2543735305128233,2.95,0.46982201597816303
Perm200,Vinyl and Vinylidene Polymers,CC(C)(C)OC(=O)C(*)C(*)C(=O)OC1CCCCC1,0.91437271299,0.0093333473387498,10,0.5850930741585831,0.3045089159589441,5.0,0.6989700043360189
Perm201,Vinyl and Vinylidene Polymers,CC(C)(C)OC(=O)C(C)(*)C*,0.82540611453,0.0097989938657096,10,0.6200458467150395,0.3346734768822179,0.768,-0.114638779968488
Perm208,Polycarbonates,CC(C)(C1=CC(Br)=C(*)C(Br)=C1)C1=CC(Br)=C(OC(=O)O*)C(Br)=C1,1.7447477047,0.0130659305604246,10,0.3297237284867724,0.2521298659988512,0.191,-0.7189666327522725
Perm209,Polyarylates,CC(C)(C1=CC(Br)=C(O*)C(Br)=C1)C1=CC(Br)=C(OC(=O)C2=CC=CC(=C2)C(*)=O)C(Br)=C1,1.5713714528,0.0106639129141423,10,0.3600115772643766,0.2645745102520341,0.179,-0.7471469690201068
Perm210,Polycarbonates,CC(C)(C1=CC(Cl)=C(*)C(Cl)=C1)C1=CC(Cl)=C(OC(=O)O*)C(Cl)=C1,1.2583970276,0.0083197280824871,10,0.4507556230311323,0.2626016029447281,0.36,-0.44369749923271273
Perm212,High Temperature Polymers,CC(C)(C1=CC2N=C(*)OC2C=C1)C1=CC=C2OC(=NC2=C1)C1=CC=C(C=C1)C(=O)C1=CC=C(*)C=C1,1.0743312649,0.0069549052191964,10,0.5362018258349778,0.2511240984717244,0.12,-0.9208187539523752
Perm213,Polyimides and Polypyrrolones,CC(C)(C1=CC=C(*)C=C1)C1=CC(=CC=C1)N1C(=O)C2=CC=C(C=C2C1=O)C(C1=CC=C2C(=O)N(*)C(=O)C2=C1)(C(F)(F)F)C(F)(F)F,1.1644850845,0.0082593678626308,10,0.4728217391973394,0.2842279782005539,0.473,-0.32513885926218844
Perm214,Polysulfones,CC(C)(C1=CC=C(*)C=C1)C1=CC(CN)=C(OC2=CC=C(C=C2)S(=O)(=O)C2=CC=C(O*)C=C2)C=C1,1.1243417356,0.0079064665030882,10,0.5357124423748693,0.2169789855850418,0.11,-0.958607314841775
Perm215,Polysulfones,CC(C)(C1=CC=C(*)C=C1)C1=CC(CN2C(=O)C3=C(C=CC=C3)C2=O)=C(OC2=CC=C(C=C2)S(=O)(=O)C2=CC=C(O*)C=C2)C=C1,1.1841319284,0.0078776735431881,10,0.5202953493563733,0.1990721640178117,0.08,-1.0969100130080565
Perm216,Polysulfones,CC(C)(C1=CC=C(*)C=C1)C1=CC(N)=C(OC2=CC=C(C=C2)S(=O)(=O)C2=CC=C(O*)C=C2)C=C1,1.1703395899,0.0070472302619037,10,0.5287545539319817,0.1955308958515332,0.12,-0.9208187539523752
Perm217,High Temperature Polymers,CC(C)(C1=CC=C(*)C=C1)C1=CC=C(C=C1)C1=NC2=C(N1)C=CC(=C2)C1=CC2=C(NC(*)=N2)C=C1,1.046399234,0.0066877365236583,10,0.5467958637425853,0.2561831951330076,0.13,-0.8860566476931632
Perm219,Polyimides and Polypyrrolones,CC(C)(C1=CC=C(*)C=C1)C1=CC=C(C=C1)N1C(=O)C2=C(C=C(C=C2)C(C2=CC=C3C(=O)N(*)C(=O)C3=C2)(C(F)(F)F)C(F)(F)F)C1=O,1.156906966,0.0081650674218568,10,0.4729753845435759,0.2886549277375108,1.34,0.12710479836480765
Perm220,Polyimides and Polypyrrolones,CC(C)(C1=CC=C(*)C=C1)C1=CC=C(C=C1)N1C(=O)C2=C(C=C(OC3=CC=C(OC4=CC=C5C(=O)N(*)C(=O)C5=C4)C=C3)C=C2)C1=O,1.1561834556,0.0073702326876849,10,0.5159957143112466,0.2244385795386823,0.104,-0.9829666607012196
Perm222,Poly(aryl ethers) and Poly(aryl ether ketones),CC(C)(C1=CC=C(*)C=C1)C1=CC=C(OC2=CC=C(C=C2)C(=O)C2=CC=C(C=C2)C2=CC=C(C=C2)C(=O)C2=CC=C(O*)C=C2)C=C1,1.1069540328999998,0.0068571397512691,10,0.553362249929006,0.2036894535224099,0.1295,-0.8877302315827293
Perm223,Polysulfones,CC(C)(C1=CC=C(*)C=C1)C1=CC=C(OC2=CC=C(C=C2)S(=O)(=O)C2=CC=C(C=C2)C2=CC=C(C=C2)S(=O)(=O)C2=CC=C(O*)C=C2)C=C1,1.182170504,0.0071531616462989,10,0.519473999638814,0.2016611080417136,0.4695,-0.3283644033978703
Perm224,Polysulfones,CC(C)(C1=CC=C(*)C=C1)C1=CC=C(OC2=CC=C(C=C2)S(=O)(=O)C2=CC=C(O*)C=C2)C=C1,1.1462518466,0.007648819223636,10,0.5311759908882971,0.208480101447116,0.249,-0.6038006529042637
Perm225,Uncategorised,CC(C)(C1=CC=C(C=C1)C(=O)C1=CC=C(*)C=C1)C1=CC=C(C=C1)C(=O)C1=CC=C(OC2=CC=C(C=C2)C(C2=CC=C(O*)C=C2)(C(F)(F)F)C(F)(F)F)C=C1,1.1627014925,0.0083431343490969,10,0.5061079794619153,0.2350117459875131,0.44,-0.3565473235138126
Perm226,Polysulfones,CC(C)(C1=CC=C(O*)C=C1)C1=CC(=CC=C1)C(C)(C)C1=CC=C(OC2=CC=C(C=C2)S(=O)(=O)C2=CC=C(*)C=C2)C=C1,1.111742546,0.0070944818377447,10,0.550822735532478,0.2039150084857697,0.11,-0.958607314841775
Perm227,Polysulfones,CC(C)(C1=CC=C(O*)C=C1)C1=CC=C(C=C1)C(C)(C)C1=CC=C(OC2=CC=C(C=C2)S(=O)(=O)C2=CC=C(*)C=C2)C=C1,1.0942543519,0.0079222820366169,10,0.5501938223907736,0.2173324200985203,0.3205,-0.4941719661451638
Perm228,Polycarbonates,CC(C)(C1=CC=C(O*)C=C1)C1=CC=C(OC(*)=O)C=C1,1.1034996661999998,0.0072595901293491,10,0.5506457656063612,0.210071355896618,0.3,-0.5228787452803376
Perm229,Polyarylates,CC(C)(C1=CC=C(O*)C=C1)C1=CC=C(OC(=O)C2=CC=C(C=C2)C(*)=O)C=C1,1.1015192406999998,0.0077387530576612,10,0.5442035791399402,0.2207140727354158,0.625,-0.2041199826559248
Perm230,Polyarylates,CC(C)(C1=CC=C(O*)C=C1)C1=CC=C(OC(=O)C2=CC=C(C=C2)C(=O)OC2=CC(C3=CC(*)=CC4=C3C=CC=C4)=C3C=CC=CC3=C2)C=C1,1.0997361366,0.0073051311917191,10,0.5417375949480022,0.2255010673651808,0.364,-0.438898616350944
Perm231,Polyarylates,CC(C)(C1=CC=C(O*)C=C1)C1=CC=C(OC(=O)C2=CC=CC(=C2)C(*)=O)C=C1,1.1199427872,0.0072901773406189,10,0.5436931914326588,0.2084231513468183,0.272,-0.5654310959658012
Perm232,Polyarylates,CC(C)(C1=CC=C(O*)C=C1)C1=CC=C(OC(=O)C2=CC=CC(=C2)C(=O)OC2=CC(C3=CC(*)=CC4=C3C=CC=C4)=C3C=CC=CC3=C2)C=C1,1.091438158,0.0072591015264912,10,0.541167198281485,0.2321543109189257,0.139,-0.8569851997459049
Perm234,Polyimides and Polypyrrolones,CC(C)(C1=CC=C(O*)C=C1)C1=CC=C(OC2=CC3=C(C=C2)C(=O)N(C3=O)C2=CC=C(C=C2)N2C(=O)C3=C(C=C(*)C=C3)C2=O)C=C1,1.1503526066,0.0068737966117929,10,0.5158413586586061,0.2285807130174829,0.53,-0.27572413039921095
Perm235,Uncategorised,CC(C)(C1=CC=C(O*)C=C1)C1=CC=C(OC2=CC3=C(C=C2)C(=O)N(C3=O)C2=CC=CC(=C2)N2C(=O)C3=C(C=C(*)C=C3)C2=O)C=C1,1.1446848312,0.0071176109326187,10,0.5161896743747619,0.2318631626374854,0.0526,-1.279014255846261
Perm236,Poly(aryl ethers) and Poly(aryl ether ketones),CC(C)(C1=CC=C(O*)C=C1)C1=CC=C(OC2=CC=C(C=C2)C(=O)C2=CC=C(*)C=C2)C=C1,1.0964141053,0.0071914033034321,10,0.5562269608054993,0.2071883887521104,0.16,-0.7958800173440752
Perm237,Poly(aryl ethers) and Poly(aryl ether ketones),CC(C)(C1=CC=C(O*)C=C1)C1=CC=C(OC2=CC=C(C=C2)C(=O)C2=CC=C(C=C2)C(=O)C2=CC=C(*)C=C2)C=C1,1.1133915669,0.0069377917392114,10,0.5511811388320172,0.202215438647122,0.087,-1.0604807473813815
Perm238,Uncategorised,CC(C)(C1=CC=C(O*)C=C1)C1=CC=C(OC2=CC=C(C=C2)C(=O)C2=CC=C(C=C2)C(C)(C)C2=CC=C(C=C2)C(=O)C2=CC=C(*)C=C2)C=C1,1.0646093057,0.0069672447233172,10,0.5641833341433801,0.2191747240551366,0.21,-0.6777807052660807
Perm239,Polysulfones,CC(C)(C1=CC=C(O*)C=C1)C1=CC=C(OC2=CC=C(C=C2)S(=O)(=O)C2=C3C=CC=CC3=C(*)C=C2)C=C1,1.1326362285,0.0088014115419282,10,0.5307392322274939,0.2185251730007253,0.15,-0.8239087409443188
Perm240,Polysulfones,CC(C)(C1=CC=C(O*)C=C1)C1=CC=C(OC2=CC=C(C=C2)S(=O)(=O)C2=CC=C(*)C=C2)C=C1,1.1493792687,0.0074688446735735,10,0.5311433550176778,0.2063692907453921,0.25,-0.6020599913279624
Perm241,Poly(aryl ethers) and Poly(aryl ether ketones),CC(C)(C1=CC=C(O*)C=C1)C1=CC=C(OCCC(O)*)C=C1,1.0609753534000002,0.0071717170747268,10,0.574610503915514,0.2074581428031507,0.019,-1.7212463990471711
Perm242,Polyimides and Polypyrrolones,CC(C)(C1=CC=C(OC2=CC3=C(C=C2)C(=O)N(C3=O)C2=CC=C(C=C2)C2=CC(=C(OC3=CC4=C(C=C3)C(C)(C)CC43CC(C)(C)C4=C3C=C(OC3=CC=C(C=C3C(F)(F)F)C3=CC=C(*)C=C3)C=C4)C=C2)C(F)(F)F)C=C1)C1=CC=C(OC2=CC=C3C(=O)N(*)C(=O)C3=C2)C=C1,1.1214847458,0.0076131425436906,10,0.5136876373439633,0.2510792957965135,1.02,0.00860017176191757
Perm244,Polyamides and poly(amide-imides),CC(C)(C1=CC=C(OC2=CC3C(C=C2)C(=O)N(*)C3=O)C=C1)C1=CC=C(OC2=CC3=C(C=C2)C(=O)N(C3=O)C2=CC=CC(*)=C2)C=C1,1.1419415760000002,0.0076572857402837,10,0.5211968222951988,0.2262707831446371,0.0323,-1.490797477668897
Perm245,Polyimides and Polypyrrolones,CC(C)(C1=CC=C(OC2=CC3C(C=C2)C(=O)N(*)C3=O)C=C1)C1=CC=C(OC2=CC=C3C(=O)N(C(=O)C3=C2)C2=CC=C(C=C2)C2=CC=C(OC3=CC=C(C=C3)C3(C4=C(C=CC=C4)C4=C3C=CC=C4)C3=CC=C(OC4=CC=C(C=C4C(F)(F)F)C4=CC=C(*)C=C4)C=C3)C(=C2)C(F)(F)F)C=C1,1.1329310301,0.0077532921268044,10,0.50912124322138,0.2501609691128321,1.19,0.07554696139253074
Perm246,Polyimides and Polypyrrolones,CC(C)(C1=CC=C(OC2=CC=C(*)C=C2)C=C1)C1=CC=C(OC2=CC=C(C=C2)N2C(=O)C3=CC=C(C=C3C2=O)C(=O)C2=CC3=C(C=C2)C(=O)N(*)C3=O)C=C1,1.166281977,0.0075490221001849,10,0.5176328697000124,0.2151823473759119,0.11,-0.958607314841775
Perm247,Polyimides and Polypyrrolones,CC(C)(C1=CC=C(OC2=CC=C(*)C=C2)C=C1)C1=CC=C(OC2=CC=C(C=C2)N2C(=O)C3=CC=C(C=C3C2=O)C2=CC3=C(C=C2)C(=O)N(*)C3=O)C=C1,1.1412029917,0.0074076632720307,10,0.5216383749390585,0.2261161437142261,0.0938,-1.0277971616209356
Perm248,Polyimides and Polypyrrolones,CC(C)(C1=CC=C(OC2=CC=C(*)C=C2)C=C1)C1=CC=C(OC2=CC=C(C=C2)N2C(=O)C3=CC=C(OC4=CC5=C(C=C4)C(=O)N(*)C5=O)C=C3C2=O)C=C1,1.1604840739000002,0.0075406508386265,10,0.5171810119285087,0.2197655740335234,0.07,-1.154901959985743
Perm249,Polysulfones,CC(C)(C1=CC=C(OC2=CC=C(C=C2)S(=O)(=O)C2=CC=C(*)C=C2)C=C1)C1=CC=CC(O*)=C1,1.1560508850000002,0.0079018985409853,10,0.5311150705964744,0.2018051383801405,0.066,-1.1804560644581312
Perm250,Polysulfones,CC(C)(C1=CC=C(OC2=CC=C(C=C2)S(=O)(=O)C2=CC=C(O*)C=C2)C=C1)C1=CC(*)=CC=C1,1.1432015191,0.0074484717652511,10,0.5311487943294477,0.2106268588907743,0.0661,-1.1797985405143596
Perm252,Polyimides and Polypyrrolones,CC(C)(C1=CC=C(OC2=CC=C3C(=O)N(*)C(=O)C3=C2)C=C1)C1=CC=C(OC2=CC=C3C(=O)N(C(=O)C3=C2)C2=CC=C(C=C2)C2=CC(=C(OC3=CC=C(C=C3)C3(N(C(=O)C4=C3C=CC=C4)C3=CC=CC=C3)C3=CC=C(OC4=CC=C(C=C4C(F)(F)F)C4=CC=C(*)C=C4)C=C3)C=C2)C(F)(F)F)C=C1,1.163772642,0.0086706940014985,10,0.506736723168942,0.2333557643430349,0.95,-0.022276394711152253
Perm258,Polymers with High Free Volume,CC(C)C12C3=CC4=C(C=C3C(C(C)C)(C3=C1C=CC=C3)C1=C2C=C2C(=O)N(C(=O)C2=C1)C1=C2C=CC=CC2=C(C=C1C)C1=CC(C)=C(*)C2=C1C=CC=C2)C(=O)N(*)C4=O,0.68188367212,0.0055340568229808,10,0.5313181736932308,0.5290136564553581,145.0,2.161368002234975
Perm259,Poly(aryl ethers) and Poly(aryl ether ketones),CC(C)C1=C(O*)C=CC(=C1)C(C1C=CC=CC1C(O)=O)C1=CC(C(C)C)=C(OC2=CC=C(C=C2)C(=O)C2=CC=C(*)C=C2)C=C1,1.01405140663,0.0087863909674712,10,0.5657706260983395,0.2541633510075559,1.18,0.07188200730612536
Perm260,Polysulfones,CC(C)C1=CC(=C(C)C=C1O*)C1(OC(=O)C2=C1C=CC=C2)C1=CC(C(C)C)=C(OC2=CC=C(C=C2)S(=O)(=O)C2=CC=C(*)C=C2)C=C1C,0.99730941624,0.0113423329326394,10,0.5377449645353973,0.3028124483331644,0.699,-0.15552282425431863
Perm261,Poly(aryl ethers) and Poly(aryl ether ketones),CC(C)C1=CC(=C(C)C=C1O*)C1(OC(=O)C2C=CC=CC12)C1=C(C)C=C(OC2=CC=C(C=C2)C(=O)C2=CC=C(*)C=C2)C(=C1)C(C)C,0.98488316308,0.0080725154768097,10,0.5531768691256793,0.2917410400106526,0.933,-0.030118356253500032
Perm262,Polysulfones,CC(C)C1=CC(C(C2=CC(C(C)C)=C(OC3=CC=C(C=C3)S(=O)(=O)C3=CC=C(*)C=C3)C=C2C)C2=C(C=CC=C2)C(O)=O)=C(C)C=C1O*,1.02504233226,0.0079373267373547,10,0.5498902804663414,0.2672409397507788,0.757,-0.12090412049992724
Perm264,Substituted Polyacetylenes,CC(C)C1=CC=C(C=C1)C(*)=C(*)C1=CC=CC=C1,0.7735023134000001,0.012422168644702,10,0.6092638695421577,0.3873528836695367,150.0,2.1760912590556813
Perm267,Vinyl and Vinylidene Polymers,CC(C)CC(C)OC(=O)C(*)C(*)C(=O)OC(C)(C)C,0.8642089945299999,0.0098542789170926,10,0.6069854871564943,0.3180689871852391,16.0,1.2041199826559248
Perm268,Vinyl and Vinylidene Polymers,CC(C)CC(C)OC(=O)C(*)C(*)C(=O)OC(C)C,0.92408678194,0.0104122143875731,10,0.6011160229357561,0.2778716174305436,14.0,1.146128035678238
Perm271,Vinyl and Vinylidene Polymers,CC(C)OC(=O)C(*)C(*)C(=O)OC(C)(C)C,0.89958245388,0.0093598092301762,10,0.5847381088707425,0.3161738142883789,9.0,0.9542425094393249
Perm272,Vinyl and Vinylidene Polymers,CC(C)OC(=O)C(*)C(*)C(=O)OC1CCCCC1,0.93563025513,0.0109660287331742,10,0.5779215838049457,0.2970628054292784,3.0,0.47712125471966244
Perm278,Polyesters,CC(C*)C(=O)OC(C)C(*)=O,1.0599603892,0.0075760183341213,10,0.5645070972847561,0.2221382886926538,0.04,-1.3979400086720375
Perm279,Various Polymers,CC(C*)C(=O)OCCOC(=O)C(C)C*,1.02834669028,0.0080779217961411,10,0.5784367331275768,0.2267164499374448,1.6,0.2041199826559248
Perm280,Thermally Rearranged Polymers,CC(C*)O*,0.9598891319,0.0088443996365539,10,0.6259876893908378,0.2188575863257043,11.0,1.0413926851582251
Perm281,Polysulfones,CC(C1=CC=CC=C1)(C1=CC=C(*)C=C1)C1=CC=C(OC2=CC=C(C=C2)S(=O)(=O)C2=CC=C(O*)C=C2)C=C1,1.1301793363,0.0077170243465014,10,0.5324165837069711,0.2177559124282246,0.278,-0.5559552040819237
Perm282,Polyarylates,CC(C1=CC=CC=C1)(C1=CC=C(O*)C=C1)C1=CC=C(OC(=O)C2=CC=CC(=C2)C(*)=O)C=C1,1.1225762168000002,0.0079276048640884,10,0.543607552227175,0.206686817775982,0.54,-0.26760624017703144
Perm283,Polysulfones,CC(C1=CC=CC=C1)(C1=CC=C(O*)C=C1)C1=CC=C(OC2=CC=C(C=C2)S(=O)(=O)C2=CC=C(*)C=C2)C=C1,1.1339089918,0.0075725202000121,10,0.5322603655317661,0.2154047412082081,0.278,-0.5559552040819237
Perm284,Polycarbonates,CC(C1=CC=CC=C1)(C1=CC=C(*)C=C1)C1=CC=C(OC(=O)O*)C=C1,1.0865896913000002,0.0078698807407118,10,0.5480220783933317,0.2258823167169067,0.361,-0.4424927980943421
Perm286,Substituted Polyacetylenes,CC1(C)C2=CC(=CC=C2C2=C1C=C(Br)C=C2)C(*)=C(*)C1=CC=CC=C1,0.85728922148,0.0115355539229361,10,0.4899991295949387,0.4539077359627805,1100.0,3.041392685158225
Perm289,Substituted Polyacetylenes,CC1(C)C2=CC(=CC=C2C2=C1C=CC=C2)C(*)=C(*)C1=CC=CC=C1,0.7648024322599999,0.0100121478800371,10,0.5799100823102201,0.423428366124161,3300.0,3.5185139398778875
Perm290,Substituted Polyacetylenes,CC1(C)C2=CC=C(C=C2C(C)(C)C1(C)C)C(*)=C(*)C1=CC=CC=C1,0.80246585037,0.008808456620982,10,0.6208076635986054,0.3523699654083719,10200.0,4.008600171761918
Perm291,Substituted Polyacetylenes,CC1(C)CC(C)(C)C2=CC(=CC=C12)C(*)=C(*)C1=CC(F)=C(F)C=C1,0.8283197494,0.0106402601475036,10,0.5615272702945875,0.3953386338448176,16600.0,4.220108088040055
Perm292,Substituted Polyacetylenes,CC1(C)CC(C)(C)C2=CC(=CC=C12)C(*)=C(*)C1=CC(F)=CC(F)=C1,0.8530128270299999,0.0110816086659901,10,0.5606460860510447,0.3782902063265819,13100.0,4.117271295655764
Perm293,Substituted Polyacetylenes,CC1(C)CC(C)(C)C2=CC(=CC=C12)C(*)=C(*)C1=CC(F)=CC=C1,0.79323915645,0.0100322244867773,10,0.5847127207550954,0.3970378670094368,12000.0,4.079181246047625
Perm294,Substituted Polyacetylenes,CC1(C)CC(C)(C)C2=CC(=CC=C12)C(*)=C(*)C1=CC=C(Br)C=C1,0.95583915803,0.0126763886787602,10,0.508939172584625,0.3675968127246953,9200.0,3.963787827345555
Perm295,Substituted Polyacetylenes,CC1(C)CC(C)(C)C2=CC(=CC=C12)C(*)=C(*)C1=CC=C(Cl)C=C1,0.8293921398299999,0.0090897163644667,10,0.5677690970564043,0.3878258057619544,9200.0,3.963787827345555
Perm296,Substituted Polyacetylenes,CC1(C)CC(C)(C)C2=CC(=CC=C12)C(*)=C(*)C1=CC=C(F)C=C1,0.85833386505,0.0097050761684456,10,0.5842706459576323,0.3480509336859029,15600.0,4.193124598354461
Perm297,Substituted Polyacetylenes,CC1(C)CC(C)(C)C2=CC(=CC=C12)C(*)=C(*)C1=CC=CC=C1,0.77685996407,0.0095685659373342,10,0.6120051235597249,0.381925038210957,11600.0,4.064457989226918
Perm299,Polyimides and Polypyrrolones,CC1(C)CC(C)(C2=C1C=C(Br)C(*)=C2)C1=CC=C(C=C1)N1C(=O)C2=CC=C(C=C2C1=O)C(=O)C1=CC2C(C=C1)C(=O)N(*)C2=O,1.1325405961,0.0076097467884575,10,0.479717667287716,0.2937103472693493,0.55,-0.2596373105057561
Perm311,High Temperature Polymers,CC1(C)CC(C)(C2C=C(*)C=CC12)C1=CC=C(C=C1)C1=NN=C(*)O1,1.0240618423,0.0074117292217712,10,0.5665935526902087,0.2457051113757915,3.3,0.5185139398778874
Perm320,Polyimides_NEW,CC1(C)CC2(CC(C)(C)C3=C2C=C(O)C(=C3)N2C(=O)C3C(C2=O)C2(Br)C4C(C(=O)N(*)C4=O)C3(Br)C(Br)=C2Br)C2=C1C=C(*)C(O)=C2,1.2000342327,0.0099696080729017,10,0.3862751392537288,0.3973935925509356,5.3,0.724275869600789
Perm321,Polyimides_NEW,CC1(C)CC2(CC(C)(C)C3=C2C=C(O)C(=C3)N2C(=O)C3C=CC(=CC3C2=O)C(C2=CC=C3C(=O)N(*)C(=O)C3=C2)(C(F)(F)F)C(F)(F)F)C2=C1C=C(*)C(O)=C2,1.0969323022000002,0.0093715619747671,10,0.4822216656955001,0.312346121501291,5.5,0.7403626894942439
Perm322,Polyimides and Polypyrrolones,CC1(C)CC2(CC(C)(C)C3=C2C=C(O*)C=C3)C2C=C(OC3=CC=C4C(=O)N(C(=O)C4=C3)C3=CC=CC(=C3)N3C(=O)C4=C(C=C(*)C=C4)C3=O)C=CC12,1.0844299549000005,0.0077447132718532,10,0.5290018120631975,0.2542349654429746,0.197,-0.7055337738384071
Perm323,Polyarylates,CC1(C)CC2(CC(C)(C)C3=C2C=C(OC(=O)C2=CC=C(C=C2)C(*)=O)C=C3)C2=C1C=CC(O*)=C2,1.0457694921,0.0080584238029602,10,0.5531148220627322,0.248040211496017,2.98,0.4742162640762552
Perm324,Polyarylates,CC1(C)CC2(CC(C)(C)C3=C2C=C(OC(=O)C2=CC=CC(=C2)C(*)=O)C=C3)C2=C1C=CC(O*)=C2,1.0506985649999998,0.0083821973762952,10,0.5531669621902855,0.2444247466076352,1.0,0.0
Perm325,Polyimides and Polypyrrolones,CC1(C)CC2(CC(C)(C)C3=C2C=C(OC2=C(C=C(C=C2)C2=CC=C(C=C2)N2C(=O)C4=C(C=C(C=C4)C(C4=CC=C5C(=O)N(*)C(=O)C5=C4)(C(F)(F)F)C(F)(F)F)C2=O)C(F)(F)F)C=C3)C2=C1C=CC(OC1=CC=C(C=C1C(F)(F)F)C1=CC=C(*)C=C1)=C2,1.148717795,0.0077912495308112,10,0.4798539885648866,0.2834181396339247,3.35,0.5250448070368452
Perm326,Polyimides and Polypyrrolones,CC1(C)CC2(CC(C)(C)C3=C2C=C(OC2=C(C=C(C=C2)C2=CC=C(C=C2)N2C(=O)C4=C(C=C(OC5=CC=C6C(=O)N(*)C(=O)C6=C5)C=C4)C2=O)C(F)(F)F)C=C3)C2=C1C=CC(OC1=CC=C(C=C1C(F)(F)F)C1=CC=C(*)C=C1)=C2,1.1520711148,0.0081505148154553,10,0.5003328292942847,0.2506552994590638,1.12,0.04921802267018165
Perm327,Uncategorised,CC1(C)CC2(CC(C)(C)C3=C2C=C(OC2=CC4=C(C=C2)C(=O)N(C4=O)C2=CC=CC(=C2)N2C(=O)C4=C(C=C(*)C=C4)C2=O)C=C3)C2=C1C=CC(O*)=C2,1.0854184899,0.0081198781623346,10,0.5249774271416504,0.2592337319404193,0.203,-0.6925039620867871
Perm328,Polymers with High Free Volume,CC1(C)CC2(CC(C)(C)C3=C2C=C2C(=O)N(C(=O)C2=C3)C2=CC3=C(C=C2)C(C)(C)CC32CC(C)(C)C3=C2C=C(*)C=C3)C2=CC3=C(C=C12)C(=O)N(*)C3=O,0.9501668299,0.0080504809380896,10,0.54962510576198,0.3210937923120934,65.0,1.8129133566428555
Perm343,Polycarbonates,CC1(C)CC2(CC(C)(C)C3=CC=C(OC(=O)O*)C=C23)C2C=C(*)C=CC12,1.0033913334899998,0.0082830192677713,10,0.5688441904496268,0.2579946699557224,1.373,0.1376705372367551
Perm344,Substituted Polyacetylenes,CC1(C)CCC(C)(C)C2=CC(=CC=C12)C(*)=C(*)C1=CC=CC=C1,0.8078241362199999,0.0095191175791261,10,0.6155962800210725,0.3535184068812514,2700.0,3.4313637641589874
Perm349,Polyimides and Polypyrrolones,CC1=C(*)C(C)=C(N2C(=O)C3=CC=C(C=C3C2=O)C(C2=CC3=C(C=C2)C(=O)N(*)C3=O)(C(F)(F)F)C(F)(F)F)C2=C1CCC2(C)C,1.0464084994999998,0.0088460001584938,10,0.4745897891539578,0.3544007741094014,58.6,1.7678976160180906
Perm350,Polyimides and Polypyrrolones,CC1=C(*)C(C)=C(N2C(=O)C3=CC=C(C=C3C2=O)C2=CC3=C(C=C2)C(=O)N(*)C3=O)C2=C1CCC2(C)C,0.95089052903,0.0077652565856278,10,0.5248364994967005,0.3512193263411277,22.0,1.3424226808222062
Perm351,Polyimides and Polypyrrolones,CC1=C(*)C(C)=C(N2C(=O)C3=CC=C(OC4=CC5=C(C=C4)C(=O)N(*)C5=O)C=C3C2=O)C2=C1CCC2(C)C,1.02614149803,0.0084408901631192,10,0.5179085718888742,0.3091182788591844,10.3,1.0128372247051722
Perm354,Polyimides_NEW,CC1=C(*)C=CC2=C1N1CN(C2)C2=C(C)C(=CC=C2C1)N1C(=O)C2=C(C=C(C=C2)C(C2=CC3=C(C=C2)C(=O)N(*)C3=O)(C(F)(F)F)C(F)(F)F)C1=O,1.1161691132,0.0077264039495069,10,0.4662351306324187,0.3234835720091251,10.0,1.0
Perm356,Polyimides and Polypyrrolones,CC1=C(C)C(N2C(=O)C3=C(C=C(C=C3)C(=O)C3=CC=C4C(=O)N(*)C(=O)C4=C3)C2=O)=C(C)C(C)=C1*,1.01440574932,0.0068921515696815,10,0.5120996461921891,0.3246801270812771,2.63,0.41995574848975786
Perm357,Polyimides and Polypyrrolones,CC1=C(C)C(N2C(=O)C3=C(C=C(C=C3)C(C3=CC=C4C(=O)N(*)C(=O)C4=C3)(C(F)(F)F)C(F)(F)F)C2=O)=C(C)C(C)=C1*,1.0634967600999998,0.0088714191970229,10,0.4660791015844259,0.3556243011690376,20.0,1.3010299956639813
Perm358,Polyimides and Polypyrrolones,CC1=C(C)C(N2C(=O)C3=C(C=C(OC4=C(OC5=CC=C6C(=O)N(*)C(=O)C6=C5)C=CC(=C4)C(C)(C)C)C=C3)C2=O)=C(C)C(*)=C1,1.0382496966,0.0131912968740563,10,0.5287002409387013,0.2864002758289603,2.2,0.3424226808222063
Perm359,Polyimides and Polypyrrolones,CC1=C(C)C(N2C(=O)C3=C(C=C(OC4=C(OC5=CC=C6C(=O)N(*)C(=O)C6=C5)C=CC(=C4)C(C)(C)C)C=C3)C2=O)=C(C)C(C)=C1*,1.038714677,0.0085205313954149,10,0.5326597796538713,0.2807340097337192,2.55,0.4065401804339551
Perm360,Polyimides and Polypyrrolones,CC1=C(C)C(N2C(=O)C3=C(C=C(OC4=CC(C)=C(OC5=CC=C6C(=O)N(*)C(=O)C6=C5)C(C)=C4C)C=C3)C2=O)=C(C)C(*)=C1,1.0273707982,0.0073891365604342,10,0.5233687401337304,0.3009981116046454,3.8,0.5797835966168101
Perm361,Polymers with High Free Volume,CC1=C(C)C(N2C(=O)C3=CC4=C(C=C3C2=O)C2(CC(C)(C)C3=CC5=C(C=C23)C(=O)N(*)C5=O)CC4(C)C)=C(C)C(C)=C1*,0.8933677371100001,0.0089141503768702,10,0.5442920918745461,0.367871107221719,257.0,2.4099331233312946
Perm363,Poly(imide‚àíoxadiazole)_NEW,CC1=C(C)C(N2C(=O)C3=CC=C(C=C3C2=O)C(C2=CC3=C(C=C2)C(=O)N(*)C3=O)(C(F)(F)F)C(F)(F)F)=C(C)C(C)=C1*,0.9917153332999998,0.0077228442857257,10,0.4663377015325273,0.3987834761626079,55.5,1.7442929831226763
Perm364,Polyimides and Polypyrrolones,CC1=C(C)C(N2C(=O)C3=CC=C(C=C3C2=O)C(C2=CC3C(C=C2)C(=O)N(*)C3=O)(C(F)(F)F)C(F)(F)F)=C(C)C(C)=C1*,1.0398481437,0.0082545986790426,10,0.4713673555051742,0.3628043894903165,34.55,1.5384480517102173
Perm368,Polyarylates,CC1=C(O*)C(Br)=CC(=C1)C(C)(C)C1=CC(C)=C(OC(=O)C2=CC(=CC(=C2)C(*)=O)C(C)(C)C)C(Br)=C1,1.1641519201,0.0077387303237035,10,0.4652188797842368,0.2959389121821326,1.06,0.02530586526477026
Perm369,Polyarylates,CC1=C(O*)C(Br)=CC(=C1)C1(C2C=CC=CC2C2C=CC=CC12)C1=CC(C)=C(OC(=O)C2=CC(=CC(=C2)C(*)=O)C(C)(C)C)C(Br)=C1,1.1319050837999998,0.008718468935493,10,0.4772250015832235,0.2977745729689323,2.78,0.4440447959180762
Perm371,Polysulfones,CC1=C(O*)C=CC(=C1)C(C)(C)C1=CC(C)=C(OC2=CC=C(C=C2)S(=O)(=O)C2=CC=C(*)C=C2)C=C1,1.0908314364,0.0076491985561774,10,0.5425649624821581,0.2305990074258579,0.091,-1.0409586076789064
Perm372,Polyimides and Polypyrrolones,CC1=C(OC2=CC=C3C(=O)N(*)C(=O)C3=C2)C(C)=C(C)C(OC2=CC3=C(C=C2)C(=O)N(C3=O)C2=C(C)C(C)=C(*)C(C)=C2C)=C1,0.97930547061,0.0084362536863864,10,0.528052866186092,0.3277374211844708,8.1,0.9084850188786497
Perm373,Polyimides and Polypyrrolones,CC1=C(OC2=CC=C3C(=O)N(*)C(=O)C3=C2)C(C)=C(C)C(OC2=CC3=C(C=C2)C(=O)N(C3=O)C2=CC=C(C=C2)C(C2=CC=C(*)C=C2)(C(F)(F)F)C(F)(F)F)=C1,1.1682986884,0.0071490490784335,10,0.4758697879920767,0.2772545360915719,1.9,0.2787536009528289
Perm374,Polyimides and Polypyrrolones,CC1=C2C(=CC(*)=C1)S(=O)(=O)C1=CC(=CC(C)=C21)N1C(=O)C2=CC=C(C=C2C1=O)C1=CC=C2C(=O)N(*)C(=O)C2=C1,1.1380765148,0.0062258283188212,10,0.4803606679218859,0.2893066467657978,0.499,-0.3018994543766101
Perm375,Poly(aryl ethers) and Poly(aryl ether ketones),CC1=CC(*)=C(C(=O)C2=CC=C(Br)C=C2)C(C)=C1O*,1.2480284315999997,0.0094491249120638,10,0.4485125473480122,0.2723166656744417,2.13,0.3283796034387377
Perm377,Poly(aryl ethers) and Poly(aryl ether ketones),CC1=CC(*)=C(C(=O)C2=CC=C(Cl)C=C2)C(C)=C1O*,1.0330397137,0.0086997330839626,10,0.5149224870864446,0.3084840077712855,1.8,0.25527250510330607
Perm378,Poly(aryl ethers) and Poly(aryl ether ketones),CC1=CC(*)=C(C(=O)C2=CC=CC=C2)C(C)=C1O*,0.95236109371,0.0107977361370248,10,0.553248724445053,0.3150396716020009,1.59,0.2013971243204515
Perm379,Polyimides and Polypyrrolones,CC1=CC(*)=C(C)C=C1N1C(=O)C2=CC=C(C=C2C1=O)C(C1=CC2C(C=C1)C(=O)N(*)C2=O)(C(F)(F)F)C(F)(F)F,1.1332879750000002,0.008985208681929,10,0.4565535388360747,0.3273713738413951,2.67,0.42651126136457523
Perm380,Polyamides and poly(amide-imides),CC1=CC(*)=CC(C)=C1N1C(=O)C2=CC=C(C=C2C1=O)C(C1=CC2=C(C=C1)C(=O)N(*)C2=O)(C(F)(F)F)C(F)(F)F,1.143290481,0.008376004022706,10,0.4531770044015594,0.3264531580574826,0.499,-0.3018994543766101
Perm381,Poly(aryl ethers) and Poly(aryl ether ketones),CC1=CC(*)=CC(C)=C1O*,0.92853372321,0.0078101354681423,10,0.5752393156499007,0.3056321654536728,3.5,0.5440680443502757
Perm382,Polyimides_NEW,CC1=CC(*)=CC=C1OC1=C(C2=C(C=CC=C2)C=C1)C1=C(OC2=C(C)C=C(C=C2)N2C(=O)C3=C(C=C(C=C3)C(C3=CC4=C(C=C3)C(=O)N(*)C4=O)(C(F)(F)F)C(F)(F)F)C2=O)C=CC2=C1C=CC=C2,1.1725095511,0.0099073346848421,10,0.4853867289276394,0.2601432516617028,0.53,-0.27572413039921095
Perm383,Polysulfones,CC1=CC(=C(C)C(C)=C1*)C1=C(C)C(C)=C(OC2=CC=C(C=C2)S(=O)(=O)C2=CC=C(O*)C=C2)C(C)=C1,0.97435145063,0.0075714655178875,10,0.546673474838868,0.3075522788007481,1.2,0.07918124604762482
Perm384,Polysulfones,CC1=CC(=C(C)C(C)=C1OC1=CC=C(C=C1)S(=O)(=O)C1=CC=C(*)C=C1)C1=CC(C)=C(O*)C(C)=C1C,1.0028439669699998,0.00783364189051,10,0.5468262001647571,0.2871042374387368,1.2,0.07918124604762482
Perm385,Polyimides and Polypyrrolones,CC1=CC(=C(C)C=C1C1=C(C)C(*)=CC=C1)C1=C(C)C(*)=CC=C1,0.76662862847,0.0089185543991021,10,0.5989762628528207,0.4030499438599726,7.3,0.8633228601204559
Perm386,Polyimides and Polypyrrolones,CC1=CC(=C(C)C=C1C1=C(C)C=C(*)C=C1)C1=C(C)C=C(*)C=C1,0.65251563269,0.0068190587330201,10,0.5996650330934861,0.4913219489876144,1.4,0.146128035678238
Perm387,Polyimides and Polypyrrolones,CC1=CC(=C(C)C=C1C1=C(C)C=CC(*)=C1)C1=C(C)C=CC(*)=C1,0.82216121131,0.0084482381628903,10,0.5994230327386577,0.3593309233114128,2.4,0.38021124171160603
Perm388,Polyimides and Polypyrrolones,CC1=CC(=C(C)C=C1C1=CC(C)=C(*)C=C1)C1=CC(C)=C(*)C=C1,0.79346782163,0.0045682535885235,10,0.5824627001785883,0.3991849671411381,1.6,0.2041199826559248
Perm389,Polysulfones,CC1=CC(=C(C)C=C1O*)C1(OC(=O)C2=C1C=CC=C2)C1=CC(C)=C(OC2=CC=C(C=C2)S(=O)(=O)C2=CC=C(*)C=C2)C=C1C,1.0260123097,0.0082563224518925,10,0.5245897648144557,0.3002937768850625,0.21,-0.6777807052660807
Perm390,Poly(aryl ethers) and Poly(aryl ether ketones),CC1=CC(=C(C)C=C1O*)C1(OC(=O)C2C=CC=CC12)C1=C(C)C=C(OC2=CC=C(C=C2)C(=O)C2=CC=C(*)C=C2)C(C)=C1,1.0420145646,0.008912166495839,10,0.547990174634941,0.2576821338045021,0.19,-0.721246399047171
Perm391,Polyimides_NEW,CC1=CC(=C2C=CC=CC2=C1*)C1=C2C=CC=CC2=C(N2C(=O)C3=C(C=C4C(=C3)C3(C)CCC4(C)C4=C3C=C3C(=O)N(*)C(=O)C3=C4)C2=O)C(C)=C1,0.80217913311,0.0072784996378919,10,0.525895167224066,0.4515792318442982,165.0,2.2174839442139063
Perm393,Poly(aryl ethers) and Poly(aryl ether ketones),CC1=CC(=CC(C)=C1)C1=CC(O*)=CC=C1OC1=CC=C(C=C1)C(=O)C1=CC=C(*)C=C1,1.087292963,0.007077722320945,10,0.550241454140197,0.2222442406512196,0.053,-1.275724130399211
Perm394,Poly(aryl ethers) and Poly(aryl ether ketones),CC1=CC(=CC(C)=C1)C1=CC(O*)=CC=C1OC1=CC=CC(*)=C1C#N,1.0524571968,0.0067264917377,10,0.54864161167792,0.2493516435233087,0.17,-0.769551078621726
Perm395,Polycarbonates,CC1=CC(=CC(C)=C1*)C(C)(C)C1=CC(C)=C(OC(=O)O*)C(C)=C1,0.94324775865,0.0078621163391848,10,0.5802624052602203,0.2884694228522709,1.07,0.029383777685209667
Perm397,Polysulfones,CC1=CC(=CC(C)=C1*)C(C)(C)C1=CC(C)=C(OC2=CC=C(C=C2)S(=O)(=O)C2=CC=C(O*)C=C2)C(C)=C1,1.0332388933000003,0.0086307678465236,10,0.552151118362911,0.2583447863868529,1.057,0.024074987307426243
Perm398,Polysulfones,CC1=CC(=CC(C)=C1*)C(C1=CC(C)=C(OC2=CC(=C(C=C2)S(=O)(=O)C2=CC=C(O*)C=C2C(O)(C(F)(F)F)C(F)(F)F)C(O)(C(F)(F)F)C(F)(F)F)C(C)=C1)(C(F)(F)F)C(F)(F)F,1.2106533747,0.0106304372867505,10,0.424352960726667,0.3321323528420212,5.92,0.7723217067229198
Perm399,Polysulfones,CC1=CC(=CC(C)=C1*)C(C1=CC(C)=C(OC2=CC=C(C=C2)S(=O)(=O)C2=CC=C(O*)C=C2)C(C)=C1)(C(F)(F)F)C(F)(F)F,1.1262033578,0.0091232590945783,10,0.4832836736229374,0.2924415951947071,4.0,0.6020599913279624
Perm400,Polyimides and Polypyrrolones,CC1=CC(=CC(C)=C1*)C1=CC(C)=C(C=C1C)C1=CC(C)=C(*)C(C)=C1,0.7496451902800001,0.0045733432841087,10,0.5942460533583755,0.4208841955341279,16.5,1.2174839442139063
Perm401,Polyimides and Polypyrrolones,CC1=CC(=CC(C)=C1*)C1=CC(C)=C(C=C1C)C1=CC(C)=C(N2C(=O)C3=C(C=C(C=C3)C(C)(C)C3=CC4C(C=C3)C(=O)N(*)C4=O)C2=O)C(C)=C1,0.86770625129,0.0075268316080955,10,0.5546332691070499,0.3743636187891251,13.4,1.1271047983648077
Perm402,Polyimides and Polypyrrolones,CC1=CC(=CC(C)=C1*)C1=CC(C)=C(N2C(=O)C3=C(C=C(OC4=CC(=C(OC5=CC=C6C(=O)N(*)C(=O)C6=C5)C=C4C(C)(C)C)C(C)(C)C)C=C3)C2=O)C(C)=C1,0.96399962118,0.0074762278225023,10,0.5505252452875777,0.3100820337205729,4.9,0.6901960800285137
Perm403,Polyimides and Polypyrrolones,CC1=CC(=CC(C)=C1*)C1=CC(C)=C(N2C(=O)C3=C(C=C(OC4=CC(C)=C(OC5=CC=C6C(=O)N(*)C(=O)C6=C5)C(C)=C4C)C=C3)C2=O)C(C)=C1,0.9797911865,0.0072105324908238,10,0.5331049028135187,0.3209690691663879,1.2,0.07918124604762482
Perm404,Polyimides and Polypyrrolones,CC1=CC(=CC(C)=C1*)C1=CC(C)=C(N2C(=O)C3=CC4=C(C=C3C2=O)S(=O)(=O)C2=CC3=C(C=C2S4(=O)=O)C(=O)N(*)C3=O)C(C)=C1,0.95153970238,0.0091841346353905,10,0.4744550557065526,0.4130983307503908,1.33,0.12385164096708581
Perm405,Polyimides and Polypyrrolones,CC1=CC(=CC(C)=C1*)C1=CC(C)=C(N2C(=O)C3=CC=C(C=C3C2=O)C(=O)OC2=CC=C(C=C2)C(C2=CC=C(OC(=O)C3=CC4=C(C=C3)C(=O)N(*)C4=O)C=C2)(C(F)(F)F)C(F)(F)F)C(C)=C1,1.1114417192,0.0078087715984031,10,0.4850337213848043,0.2991872728843292,0.549,-0.26042765554990804
Perm406,Poly(aryl ethers) and Poly(aryl ether ketones),CC1=CC(=CC(C)=C1*)C1=CC(C)=C(OC2=CC=C(C=C2)C(=O)C2=CC=C(O*)C=C2)C(C)=C1,1.0305836917000002,0.0067901672926624,10,0.5613119064694494,0.2479774342062144,0.971,-0.012780770091995148
Perm407,Poly(aryl ethers) and Poly(aryl ether ketones),CC1=CC(=CC(C)=C1*)C1=CC(C)=C(OC2=CC=C(C=C2)C(=O)C2=CC=CC=C2C2=C(C=CC=C2)C(=O)C2=CC=C(O*)C=C2)C(C)=C1,1.0321036958999998,0.0075023199931469,10,0.5486070096219993,0.263914881104234,0.291,-0.5361070110140927
Perm408,Polysulfones,CC1=CC(=CC(C)=C1*)C1=CC(C)=C(OC2=CC=C(C=C2)S(=O)(=O)C2=CC=C(O*)C=C2)C(C)=C1,1.0590673743,0.0074733308257188,10,0.5364432712322864,0.2614315632576556,1.208,0.08206693428511301
Perm410,Polysulfones,CC1=CC(=CC(C)=C1O*)C(C)(C)C1=CC(=CC=C1)C(C)(C)C1=CC(C)=C(OC2=CC=C(C=C2)S(=O)(=O)C2=CC=C(*)C=C2)C(C)=C1,1.0090171893900002,0.0081218975651188,10,0.5657938932979087,0.2578355068136739,0.2805,-0.5520671344078197
Perm411,Polycarbonates,CC1=CC(=CC(C)=C1O*)C(C)(C)C1=CC(C)=C(OC(*)=O)C(C)=C1,0.94739811349,0.007671884496586,10,0.5803942143556041,0.2851763011106869,1.1,0.04139268515822508
Perm412,Polyarylates,CC1=CC(=CC(C)=C1O*)C(C)(C)C1=CC(C)=C(OC(=O)C2=CC(=CC(=C2)C(*)=O)C(C)(C)C)C(C)=C1,0.92289482773,0.007858588101614,10,0.5855426788765415,0.2974873973245729,2.6,0.414973347970818
Perm415,Poly(aryl ethers) and Poly(aryl ether ketones),CC1=CC(=CC(C)=C1O*)C(C)(C)C1=CC(C)=C(OC2=CC=C(C=C2)C(=O)C2=CC=C(*)C=C2)C(C)=C1,0.99334129262,0.0084915602263482,10,0.5759159095340554,0.2562946297779239,1.1,0.04139268515822508
Perm416,Polysulfones,CC1=CC(=CC(C)=C1O*)C(C)(C)C1=CC(C)=C(OC2=CC=C(C=C2)S(=O)(=O)C2=CC=C(*)C=C2)C(C)=C1,1.02997135705,0.0074889623266917,10,0.5524781499006837,0.2602523292682154,1.06,0.02530586526477026
Perm417,Polysulfones,CC1=CC(=CC(C)=C1O*)C(C)(C)C1=CC=C(C=C1)C(C)(C)C1=CC(C)=C(OC2=CC=C(C=C2)S(=O)(=O)C2=CC=C(*)C=C2)C(C)=C1,1.01088994409,0.0075590087503768,10,0.5657382814570453,0.2565311183748091,0.5705,-0.24374435124576654
Perm418,Polycarbonates,CC1=CC(=CC(C)=C1O*)C(C1=CC(C)=C(OC(*)=O)C(C)=C1)(C(F)(F)F)C(F)(F)F,1.0712365076,0.009316492585283,10,0.4726205848435496,0.3418250478540243,4.75,0.6766936096248666
Perm419,Polysulfones,CC1=CC(=CC(C)=C1O*)C(C1=CC(C)=C(OC2=CC=C(C=C2)S(=O)(=O)C2=CC=C(*)C=C2)C(C)=C1)(C(F)(F)F)C(F)(F)F,1.1094786085,0.008840725166885,10,0.4828798855935806,0.3035316253966935,4.0,0.6020599913279624
Perm420,Polyarylates,CC1=CC(=CC(C)=C1O*)C1(C2C=CC=CC2C2C=CC=CC12)C1=CC(C)=C(OC(=O)C2=CC(=CC(=C2)C(*)=O)C(C)(C)C)C(C)=C1,0.8809494118600001,0.0082809022150659,10,0.5749163802294265,0.3415860788586685,6.0,0.7781512503836436
Perm421,Polysulfones,CC1=CC(=CC(C)=C1O*)C1=CC(C)=C(OC2=CC=C(C=C2)S(=O)(=O)C2=CC=C(*)C=C2)C(C)=C1,1.0501997075,0.0077786067098472,10,0.5365318454249653,0.267494736731346,0.91,-0.040958607678906384
Perm422,Polyimides and Polypyrrolones,CC1=CC(=CC(OC2=CC3=C(C=C2)C(=O)N(C3=O)C2=C(C)C(C)=C(*)C(C)=C2C)=C1OC1=CC=C2C(=O)N(*)C(=O)C2=C1)C(C)(C)C,0.98653589054,0.0081494079563005,10,0.5360126804651281,0.3125655288175831,2.5,0.3979400086720376
Perm423,Vinyl and Vinylidene Polymers,CC1=CC(=CC=C1)C(=O)OC(*)C*,1.0484109466,0.0080966132176821,10,0.5623033836728526,0.2336174704213101,0.0875,-1.0579919469776868
Perm424,Poly(aryl ethers) and Poly(aryl ether ketones),CC1=CC(=CC=C1)C1=CC(O*)=CC=C1OC1=CC=C(C=C1)C(=O)C1=CC=C(*)C=C1,1.0962312116,0.0070432262562565,10,0.5443365469697998,0.2242656738762769,0.029,-1.537602002101044
Perm425,Poly(aryl ethers) and Poly(aryl ether ketones),CC1=CC(=CC=C1)C1=CC(O*)=CC=C1OC1=CC=CC(*)=C1C#N,1.0403546681,0.0074255230080443,10,0.5409562178374727,0.2683777755955842,0.07,-1.154901959985743
Perm426,Polysulfones,CC1=CC(=CC=C1*)C(C)(C)C1=CC(C)=C(OC2=CC=C(C=C2)S(=O)(=O)C2=CC=C(O*)C=C2)C=C1,1.0897751782999998,0.0070535528036283,10,0.54200129491103,0.2321425748593518,0.0914,-1.0390538042661686
Perm427,Polysulfones,CC1=CC(=CC=C1*)C1(CCCCC1)C1=CC(C)=C(OC2=CC=C(C=C2)S(=O)(=O)C2=CC=C(O*)C=C2)C=C1,1.0653437868,0.0075381058907504,10,0.545883782911532,0.2439799346284152,0.0569,-1.2448877336049289
Perm430,Polysulfones,CC1=CC(=CC=C1O*)C1(OC(=O)C2=C1C=CC=C2)C1=CC(C)=C(OC2=CC=C(C=C2)S(=O)(=O)C2=CC=C(*)C=C2)C=C1,1.1111301035,0.0078846403527776,10,0.5160290571214149,0.2546119544571772,0.11,-0.958607314841775
Perm431,Poly(aryl ethers) and Poly(aryl ether ketones),CC1=CC(=CC=C1O*)C1(OC(=O)C2C=CC=CC12)C1=CC=C(OC2=CC=C(C=C2)C(=O)C2=CC=C(*)C=C2)C(C)=C1,1.0739597565,0.0074177245739912,10,0.5387671206389999,0.2478015326008334,0.0978,-1.0096611452123985
Perm433,Polyimides and Polypyrrolones,CC1=CC(C)=C(*)C(C)=C1N1C(=O)C2=CC=C(C=C2C1=O)C(C1=CC2C(C=C1)C(=O)N(*)C2=O)(C(F)(F)F)C(F)(F)F,1.01236402038,0.0105806488149352,10,0.465801437683874,0.38697119900184,29.9,1.4756711883244296
Perm434,Polyimides and Polypyrrolones,CC1=CC(C)=C(*)C(C)=C1N1C(=O)C2=CC=C(C=C2C1=O)C1=CC2=C(C=C1)C(=O)N(*)C2=O,1.0082299,0.0071979344166071,10,0.5114728974675844,0.3296130512536113,7.5,0.8750612633917001
Perm435,Polyimides and Polypyrrolones,CC1=CC(C)=C(N2C(=O)C3=C(C=C(C=C3)C(=O)C3=CC=C4C(=O)N(*)C(=O)C4=C3)C2=O)C(C)=C1*,1.0668849802,0.00782495002704,10,0.5054202666578296,0.2990071214583075,1.0,0.0
Perm436,Polyimides_NEW,CC1=CC(C)=C(N2C(=O)C3=C(C=C(C=C3)C(C3=CC4=C(C=C3)C(=O)N(*)C4=O)(C(F)(F)F)C(F)(F)F)C2=O)C(C)=C1*,1.0407024962,0.0087130868188557,10,0.4599669979479253,0.377704556185766,28.45,1.4540822707310899
Perm437,Polyimides and Polypyrrolones,CC1=CC(C)=C(N2C(=O)C3=C(C=C(C=C3)C(C3=CC=C4C(=O)N(*)C(=O)C4=C3)(C(F)(F)F)C(F)(F)F)C2=O)C(C)=C1*,1.0524659185999998,0.008886713591482,10,0.4601178636835135,0.3704641189142799,21.75,1.3374592612906562
Perm438,Polyimides and Polypyrrolones,CC1=CC(C)=C(N2C(=O)C3=C(C=C(C=C3)S(=O)(=O)C3=CC=C4C(=O)N(*)C(=O)C4=C3)C2=O)C(C)=C1*,1.1128910151,0.0078399957605643,10,0.4862592934862507,0.296500321651361,1.02,0.00860017176191757
Perm439,Polyimides and Polypyrrolones,CC1=CC(C)=C(N2C(=O)C3=C(C=C(OC4=CC=C(OC5=CC=C6C(=O)N(*)C(=O)C6=C5)C=C4)C=C3)C2=O)C(C)=C1*,1.1005076417,0.0074158684327854,10,0.5084849702004103,0.2725309259863072,0.732,-0.13548891894160814
Perm440,Polyimides and Polypyrrolones,CC1=CC(C)=C(N2C(=O)C3=C(C=C(SC4=CC=C5C(=O)N(*)C(=O)C5=C4)C=C3)C2=O)C(C)=C1*,1.1157014353,0.0082675459214319,10,0.4988458175729514,0.2764681069425929,1.62,0.20951501454263097
Perm442,Polyimides and Polypyrrolones,CC1=CC(C)=C(N2C(=O)C3=CC=C(C=C3C2=O)C(=O)C2=CC3C(C=C2)C(=O)N(*)C3=O)C(C)=C1*,0.95837918506,0.0086243013918923,10,0.5121497744169453,0.3619162115353127,1.55,0.1903316981702915
Perm444,Polyimides and Polypyrrolones,CC1=CC(C)=C(N2C(=O)C3=CC=C(C=C3C2=O)C(C2=CC=C3C(=O)N(*)C(=O)C3=C2)(C(F)(F)F)C(F)(F)F)C(C)=C1*,1.079065032,0.0083649841752012,10,0.4603517055736751,0.3542257437220539,17.0,1.2304489213782739
Perm445,Polyimides and Polypyrrolones,CC1=CC(C)=C(N2C(=O)C3=CC=C(C=C3C2=O)C2=CC3C(C=C2)C(=O)N(*)C3=O)C(C)=C1*,1.0513815387999998,0.0089229620934999,10,0.51819334556161,0.2917354078317686,8.42,0.9253120914996495
Perm446,Parylenes,CC1=CC(C*)=CC=C1C*,0.9616490990500002,0.0073780983903163,10,0.6268620724007414,0.2163322487013743,0.0157,-1.8041003475907662
Perm448,Polymers with High Free Volume,CC1=CC(C2=CC(C)=C(*)C3=C2C=CC=C3)=C2C=CC=CC2=C1N1C(=O)C2=CC3=C(C=C2C1=O)C1(C)C2=CC4=C(C=C2C3(C)C2=C1C=CC=C2)C(=O)N(*)C4=O,0.8600038932699999,0.008275013581908,10,0.5232769313610588,0.4149737423024441,158.0,2.1986570869544226
Perm449,Polymers with High Free Volume,CC1=CC(C2=CC(C)=C(*)C3=C2C=CC=C3)=C2C=CC=CC2=C1N1C(=O)C2=CC3=C(C=C2C1=O)C1(CC(C)(C)C2=CC4=C(C=C12)C(=O)N(*)C4=O)CC3(C)C,0.81157042871,0.00758159697428,10,0.537618526407148,0.4327901126537061,212.0,2.326335860928751
Perm451,Polymers with High Free Volume,CC1=CC(C2=CC(C)=C(N3C(=O)C4=CC5=C(C=C4C3=O)C3(C)CCC5(C)C4=CC5=C(C=C34)C(=O)N(*)C5=O)C3=C2C=CC=C3)=C2C=CC=CC2=C1*,0.8601317012399999,0.0064768543338348,10,0.5258313544228435,0.4120305173214301,250.0,2.3979400086720375
Perm452,Polyimides and Polypyrrolones,CC1=CC(CC2=CC(C)=C(C=C2)N2C(=O)C3=CC=C(C=C3C2=O)C(C2=CC3=C(C=C2)C(=O)N(*)C3=O)(C(F)(F)F)C(F)(F)F)=CC=C1*,1.1761079697,0.0085180833274149,10,0.4728976134423943,0.2769677523717772,0.406,-0.39147396642280585
Perm453,Polyimides and Polypyrrolones,CC1=CC(CC2=CC(C)=C(C=C2)N2C(=O)C3=CC=C(C=C3C2=O)C2=CC3=C(C=C2)C(=O)N(*)C3=O)=CC=C1*,1.0661248243,0.0067769463097936,10,0.5198677353390329,0.279482932603165,0.0483,-1.3160528692484879
Perm455,Polyimides and Polypyrrolones,CC1=CC(CC2=CC(C)=C(N3C(=O)C4=CC=C(C=C4C3=O)C(C3=CC4=C(C=C3)C(=O)N(*)C4=O)(C(F)(F)F)C(F)(F)F)C(C)=C2)=CC(C)=C1*,1.1024732223,0.0081746799785315,10,0.4838098262741985,0.3065964084012055,2.13,0.3283796034387377
Perm456,Polyimides and Polypyrrolones,CC1=CC(CC2=CC(C)=C(N3C(=O)C4=CC=C(C=C4C3=O)C3=CC4=C(C=C3)C(=O)N(*)C4=O)C(C)=C2)=CC(C)=C1*,1.00421639792,0.0064075605258884,10,0.5313909669396288,0.3062790204804582,0.913,-0.039529222465701036
Perm457,Polysulfones,CC1=CC(CC2=CC(C)=C(OC3=CC=C(C=C3)S(=O)(=O)C3=CC=C(O*)C=C3)C(C)=C2)=CC(C)=C1*,1.0463788172,0.0071715577786403,10,0.5425457825780822,0.2619790614738274,0.611,-0.21395878975744578
Perm458,Polyimides and Polypyrrolones,CC1=CC(OC2=CC3=C(C=C2)C(=O)N(C3=O)C2=C(C)C(*)=CC(C)=C2C)=C(OC2=CC=C3C(=O)N(*)C(=O)C3=C2)C=C1,1.0993017851,0.0081066986127724,10,0.5125511322171028,0.2675171130183265,0.65,-0.18708664335714442
Perm459,Polyimides and Polypyrrolones,CC1=CC(OC2=CC3=C(C=C2)C(=O)N(C3=O)C2=C(C)C(C)=C(*)C(C)=C2C)=C(OC2=CC=C3C(=O)N(*)C(=O)C3=C2)C=C1,1.0905227105,0.0088578721091186,10,0.5182047252832259,0.2653517719072972,0.59,-0.22914798835785583
Perm460,Polyimides_NEW,CC1=CC(OC2=CC=C(C=C2)C2(C3=C(C=CC=C3)C3=C2C=CC=C3)C2=CC=C(OC3=CC=C(N4C(=O)C5=C(C=C(C=C5)C(C5=CC=C6C(=O)N(*)C(=O)C6=C5)(C(F)(F)F)C(F)(F)F)C4=O)C(C)=C3)C=C2)=CC=C1*,1.0826471274,0.007450524187235,10,0.4916679357805826,0.3080062582002039,0.73,-0.1366771398795441
Perm461,Polyimides_NEW,CC1=CC(OC2=CC=C(C=C2)C2(OC(=O)C3=CC=CC=C23)C2=CC=C(OC3=CC=C(N4C(=O)C5=C(C=C(C=C5)C(C5=CC6=C(C=C5)C(=O)N(*)C6=O)(C(F)(F)F)C(F)(F)F)C4=O)C(C)=C3)C=C2)=CC=C1*,1.1928556055,0.00732346731171,10,0.4815346426277161,0.2532783129888165,1.1,0.04139268515822508
Perm462,Polyimides_NEW,CC1=CC2=C(C3C4=C(C=CC=C4)C2C2=C3C(C)=C(N3C(=O)C4=C(C=C(C=C4)C(C4=CC=C5C(=O)N(*)C(=O)C5=C4)(C(F)(F)F)C(F)(F)F)C3=O)C(C)=C2)C(C)=C1*,1.02077111916,0.0087329482114047,10,0.4800741914951562,0.3629403693479545,113.0,2.0530784434834195
Perm464,Polyimides_NEW,CC1=CC2=C(C3C4=C(C=CC=C4)C2C2=C3C(C)=C(N3C(=O)C4=CC=C5C(=O)N(*)C(=O)C6=C5C4=C(C=C6)C3=O)C(C)=C2)C(C)=C1*,0.88638410105,0.0089876063020718,10,0.5159087350650318,0.4055187095392009,97.0,1.9867717342662448
Perm465,Polyimides_NEW,CC1=CC2=C(C3C4=C(C=CC=C4)C2C2=C3C(C)=C(N3C(=O)C4C(C5C=CC4C4C5C(=O)N(*)C4=O)C3=O)C(C)=C2)C(C)=C1*,0.84238474461,0.0077685696715325,10,0.5261478073383847,0.4238154477945862,71.0,1.8512583487190752
Perm466,Polyimides and Polypyrrolones,CC1=CC2=C(C=C1*)S(=O)(=O)C1=CC(N3C(=O)C4=CC5=C(C=C4C3=O)S(=O)(=O)C3=CC4=C(C=C3S5(=O)=O)C(=O)N(*)C4=O)=C(C)C=C21,0.98244605221,0.0070063535200926,10,0.4406032858131917,0.4372703536406982,0.7,-0.1549019599857432
Perm467,Polyimides and Polypyrrolones,CC1=CC2=C(C=C1*)S(=O)(=O)C1=CC(N3C(=O)C4=CC=C(C=C4C3=O)C(C3=CC4=C(C=C3)C(=O)N(*)C4=O)(C(F)(F)F)C(F)(F)F)=C(C)C=C21,1.1310920066,0.0083240590392142,10,0.4458062130887227,0.3444778026475482,3.265,0.5138831856110927
Perm468,Polyimides and Polypyrrolones,CC1=CC2=C(C=C1*)S(=O)(=O)C1=CC(N3C(=O)C4=CC=C(C=C4C3=O)C3=CC4=C(C=C3)C(=O)N(*)C4=O)=C(C)C=C21,1.00541943834,0.0061215331945063,10,0.4805550278927225,0.3718928238940268,0.0763,-1.1174754620451195
Perm469,Polyimides and Polypyrrolones,CC1=CC2=C(C=C1*)S(=O)(=O)C1=CC(N3C(=O)C4=CC=C(C=C4C3=O)S(=O)(=O)C3=CC4=C(C=C3)C(=O)N(*)C4=O)=C(C)C=C21,1.1308942435,0.0078528829706668,10,0.4639902332923175,0.3178589509683449,0.37,-0.431798275933005
Perm471,Polyimides_NEW,CC1=CC2=C(C=C1OC1=CC=C(*)C=C1)C(C)(C)CC1(CC(C)(C)C3=CC(OC4=CC=C(*)C=C4)=C(C)C=C3O1)O2,0.94585985857,0.0081918813077666,10,0.5630645335969886,0.30764581785202,1.33,0.12385164096708581
Perm472,Polyimides and Polypyrrolones,CC1=CC2C(C=C1*)S(=O)(=O)C1=C2C=C(C)C(=C1)N1C(=O)C2=CC=C(C=C2C1=O)C(C1=CC2=C(C=C1)C(=O)N(*)C2=O)(C(F)(F)F)C(F)(F)F,1.0571165166999998,0.0075744038611208,10,0.4498600392160893,0.381779179043771,5.14,0.7109631189952758
Perm473,Polyimides and Polypyrrolones,CC1=CC=C(C)C(OC2=CC=C3C(=O)N(*)C(=O)C3=C2)=C1OC1=CC2=C(C=C1)C(=O)N(C2=O)C1=C(C)C(C)=C(*)C(C)=C1C,1.02732756136,0.0087289552015938,10,0.5234581569951188,0.300908110530266,2.05,0.31175386105575426
Perm474,Substituted Polyacetylenes,CC1=CC=C(C=C1)C(*)=C(*)C1=CC=C2C(=C1)C(C)(C)CC2(C)C,0.76442575131,0.009715172280138,10,0.6168642478181774,0.3869890090769051,4100.0,3.6127838567197355
Perm475,Vinyl and Vinylidene Polymers,CC1=CC=C(C=C1)C(*)C*,0.89314416119,0.0096463607796107,10,0.6280297466813126,0.270802568307336,1.5,0.17609125905568124
Perm476,Poly(aryl ethers) and Poly(aryl ether ketones),CC1=CC=C(C=C1)C(=O)C1=C(*)C=C(C)C(O*)=C1C,0.92830844066,0.0096546457778944,10,0.5621275299627818,0.3216239499706503,2.42,0.38381536598043126
Perm477,Vinyl and Vinylidene Polymers,CC1=CC=C(C=C1)C(=O)OC(*)C*,1.0565393577,0.0091045038798684,10,0.5622648264722653,0.2277286057961981,0.339,-0.4698003017969178
Perm480,Polyimides and Polypyrrolones,CC1=CC=C(OC2=CC3=C(C=C2C2=C(OC4=CC=C(C)C=C4)C=C4C(=O)N(C(=O)C4=C2)C2=CC=C(OC4=CC=C(*)C=C4)C=C2)C(=O)N(*)C3=O)C=C1,1.0928227217,0.0081022485943473,10,0.512796391119856,0.2714857878319996,1.25,0.09691001300805642
Perm481,Polyimides and Polypyrrolones,CC1=CC=CC(OC2=CC=C3C(=O)N(*)C(=O)C3=C2)=C1OC1=CC2=C(C=C1)C(=O)N(C2=O)C1=C(C)C(C)=C(*)C(C)=C1C,1.1058319416,0.0075899755799405,10,0.5186290638798331,0.2544284399154458,0.83,-0.08092190762392612
Perm482,Vinyl and Vinylidene Polymers,CC1=CC=CC=C1C(=O)OC(*)C*,1.071587837,0.0085575844485523,10,0.5621610186245302,0.2168736170083498,0.0859,-1.0660068361687576
Perm484,Poly(aryl ethers) and Poly(aryl ether ketones),CC1CC(*)C(C(C)C1O*)S(O)(=O)=O,1.0665341768,0.0089714417456927,10,0.5109709422248336,0.2915416347951716,0.16,-0.7958800173440752
Perm487,Vinyl and Vinylidene Polymers,CCC(C)OC(=O)C(*)C(*)C(=O)OC(C)(C)C,0.85445696281,0.010094681576599,10,0.5935372906848139,0.3407023080730711,13.0,1.1139433523068367
Perm488,Vinyl and Vinylidene Polymers,CCC(C)OC(=O)C(*)C(*)C(=O)OC(C)C,0.91968309721,0.0113878197827028,10,0.5854926936923263,0.2999919458925801,5.0,0.6989700043360189
Perm491,Parylenes,CCC1=CC(C*)=CC=C1C*,0.95283567098,0.0072432405323413,10,0.63663084438847,0.2114140488867127,0.0904,-1.0438315695246367
Perm494,Substituted Polyacetylenes,CCCCC1=CC=C(C=C1)C(*)=C(*)C1=CC=CC=C1,0.8229091050199999,0.0090816691215671,10,0.6156921666354415,0.3413437032420654,11.0,1.0413926851582251
Perm498,Conjugated Polymers (excl. subst. acetylenes/propynes),CCCCCCCCCCCCC1=C(*)SC(*)=C1,0.9220169886,0.0065985507703016,10,0.637208770982954,0.2362274942294265,9.4,0.9731278535996987
Perm500,Vinyl and Vinylidene Polymers,CCCCCCCCCCCCCCOC(=O)C(*)C*,0.86976734114,0.0074135024528718,10,0.6681147643790922,0.2445642771525052,22.1,1.3443922736851108
Perm501,Vinyl and Vinylidene Polymers,CCCCCCCCCCOC(=O)C(*)C*,0.87637121388,0.0096119819934908,10,0.6543403185020865,0.2545214750188107,19.0,1.2787536009528289
Perm520,Polyimides and Polypyrrolones,CCN1C2C=CC(*)=CC2C2=C1C=CC(=C2)N1C(=O)C2=CC=C(C=C2C1=O)C(C1=CC2=C(C=C1)C(=O)N(*)C2=O)(C(F)(F)F)C(F)(F)F,1.1836884486,0.0080368690693563,10,0.4637783904773433,0.2863401394261688,1.75,0.24303804868629444
Perm521,Vinyl and Vinylidene Polymers,CCOC(=O)C(*)C*,0.99755477196,0.008907712376082,10,0.5815451501918244,0.2458399184107358,6.46,0.8102325179950841
Perm522,Vinyl and Vinylidene Polymers,CCOC(=O)C(C)(*)C*,0.8986351462,0.0093235576158975,10,0.596752322854466,0.3028586058384336,0.276,-0.5590909179347823
Perm523,Conjugated Polymers (excl. subst. acetylenes/propynes),CCOC1=C(N*)C=CC(*)=C1,1.01078120223,0.0078586716699187,10,0.566173450960323,0.2560392741379017,0.107,-0.9706162223147904
Perm524,Cellulosic Polymers,CCOC1C(*)C(COC(=O)NC(C)(C)C)OC(O*)C1OCC,1.00226107538,0.0091024978337791,10,0.5714455499782685,0.2554410791249645,4.3,0.6334684555795865
Perm525,Cellulosic Polymers,CCOCC1OC(CO*)C(OCC)C(OCC)C1*,0.98334935462,0.0093596098739193,10,0.5869670212721774,0.2496482659834147,3.18,0.5024271199844327
Perm526,Cellulosic Polymers,CCOCC1OC(O*)C(OCC)C(OCC)C1*,0.9433177628,0.0105140328283851,10,0.5795185775580503,0.2893287814919723,4.3,0.6334684555795865
Perm527,Vinyl and Vinylidene Polymers,CCOCCOC(=O)C(C)(*)C*,1.01904810401,0.0081586946933416,10,0.5930214966195209,0.2143873387025161,0.385,-0.4145392704914993
Perm528,Vinyl and Vinylidene Polymers,CCOCCOCCOC(=O)C(C)(*)C*,1.0464928002,0.0085428402886942,10,0.5911474532299256,0.1957789802398116,3.6,0.5563025007672873
Perm529,Vinyl and Vinylidene Polymers,CCOCCOCCOCCOC(=O)C(C)(*)C*,1.0588070731,0.0095558621847282,10,0.590294929232172,0.1874890198280859,2.0,0.3010299956639812
Perm534,Conjugated Polymers (excl. subst. acetylenes/propynes),CN1C(*)=CC=C1*,1.0056964839,0.0066050164349154,10,0.5684887305220108,0.2567547473504108,0.33,-0.4814860601221125
Perm537,Vinyl and Vinylidene Polymers,COC(=O)C(*)C*,1.051444928,0.0090281565968126,10,0.5591781596990963,0.2356714481768144,0.2135,-0.6706021206389573
Perm538,Vinyl and Vinylidene Polymers,COC(=O)C(C)(*)C*,0.96033132153,0.0073867220303202,10,0.5797927561968766,0.2761689130963121,0.01135,-1.9450041384708585
Perm540,Conjugated Polymers (excl. subst. acetylenes/propynes),COC1=C(N*)C=CC(*)=C1,1.1161451283,0.0079344616552307,10,0.5477915537730412,0.2051606637120324,0.047,-1.3279021420642825
Perm542,Polyimides and Polypyrrolones,COC1=CC(=CC=C1N1C(=O)C2=C(C=C(OC3=C(OC4=CC=C5C(=O)N(*)C(=O)C5=C4)C=CC(=C3)C(C)(C)C)C=C2)C1=O)C1=CC(OC)=C(*)C=C1,1.1014171255,0.0072326967257771,10,0.5200075020399909,0.2554312814240811,0.21,-0.6777807052660807
Perm543,Vinyl and Vinylidene Polymers,COC1=CC=C(C=C1)C(*)C*,0.99302408174,0.0086899362009304,10,0.592195904481064,0.2355157674652535,0.61,-0.21467016498923297
Perm544,Polyimides and Polypyrrolones,COC1=CC=C(C=C1)N(C1=CC=C(*)C=C1)C1=CC=C(C=C1)N1C(=O)C2=C(C=C(C=C2)C(C2=CC=C3C(=O)N(*)C(=O)C3=C2)(C(F)(F)F)C(F)(F)F)C1=O,1.1467532242,0.0090046085587053,10,0.4706164890460805,0.2984147309721401,0.89,-0.05060999335508721
Perm545,Polyimides and Polypyrrolones,COC1=CC=C(C=C1)N(C1=CC=C(OC)C=C1)C1=CC=C(C=C1)N(C1=CC=C(*)C=C1)C1=CC=C(C=C1)N1C(=O)C2=C(C=C(C=C2)C(C2=CC=C3C(=O)N(*)C(=O)C3=C2)(C(F)(F)F)C(F)(F)F)C1=O,1.1788445793,0.008397740990593,10,0.488543524695645,0.2513080484085501,0.59,-0.22914798835785583
Perm601,Hydrocarbon Elastomers,C\C(C*)=C(\C)C*,0.80871061109,0.0073266070909338,10,0.7007080416040157,0.2633289629223612,0.472,-0.32605800136591223
Perm602,Hydrocarbon Elastomers,C\C(C*)=C\C*,0.84241179873,0.0083456383311235,10,0.6995174359296109,0.2339337361222006,8.75,0.9420080530223133
Perm603,Vinyl and Vinylidene Polymers,ClC(*)C*,1.2693787993,0.0077805140362766,10,0.4824241580808622,0.2039073019006021,0.0109,-1.9625735020593764
Perm604,Hydrocarbon Elastomers,ClC(*)CCCC(*)S(Cl)(=O)=O,1.3780288535,0.0076603029017679,10,0.446057935629663,0.2009150826805822,0.955,-0.019996628416253676
Perm605,Vinyl and Vinylidene Polymers,ClC(Cl)(*)C*,1.5461478413,0.0075608962212937,10,0.4063539335671581,0.1832317656547873,0.000939,-3.027334407733889
Perm606,Polycarbonates,ClC(Cl)=C(C1=CC=C(*)C=C1)C1=CC=C(OC(=O)O*)C=C1,1.26188259,0.0083639570380325,10,0.4721193310930729,0.2255130863985673,0.26,-0.585026652029182
Perm607,Polyimides and Polypyrrolones,ClC1=CC(*)=CC=C1CC1=C(Cl)C=C(C=C1)N1C(=O)C2=CC=C(C=C2C1=O)C1=CC2=C(C=C1)C(=O)N(*)C2=O,1.2309974198999998,0.0069532700093536,10,0.4762067639328031,0.2379279129377284,0.0107,-1.9706162223147903
Perm608,Parylenes,ClC1=CC(C*)=C(Cl)C=C1C*,1.2531581471999995,0.0077916703623952,10,0.4763647968402919,0.2239514459404102,0.0271,-1.5670307091255944
Perm609,Parylenes,ClC1=CC(C*)=CC=C1C*,1.1593204109000002,0.007253174279994,10,0.5286095024027087,0.2033238788095013,0.006,-2.221848749616356
Perm610,Polyimides and Polypyrrolones,ClC1=CC(CC2=CC(Cl)=C(C=C2)N2C(=O)C3=CC=C(C=C3C2=O)C2=CC3=C(C=C2)C(=O)N(*)C3=O)=CC=C1*,1.1757397893,0.0068366864464228,10,0.4768230156081272,0.2711942705241629,0.0307,-1.5128616245228135
Perm611,Vinyl and Vinylidene Polymers,ClC1=CC=C(C=C1)C(*)C*,1.1128192223000002,0.0097204001461366,10,0.5294388434672983,0.2340793613445024,0.23,-0.638272163982407
Perm613,Hydrocarbon Elastomers,ClCC(C*)O*,1.2721574494,0.0093450091125559,10,0.4951808421962923,0.181067603639767,0.44,-0.3565473235138126
Perm614,Hydrocarbon Elastomers,Cl\C(C*)=C\C*,1.1389427706,0.0098473119676663,10,0.5290281086998286,0.216707438197781,2.07,0.3159703454569177
Perm615,Vinyl and Vinylidene Polymers,FC(*)C*,1.1911329786000002,0.0087700368827837,10,0.5167082846325394,0.1998912384158506,0.00155,-2.8096683018297086
Perm620,Perfluorinated Polymers,FC(F)(*)C1(F)OC(F)(F)C(F)(F)C1(F)C(F)(F)*,1.3227658133999998,0.0114018732859916,10,0.3193058084768488,0.4509231502848095,5.0,0.6989700043360189
Perm625,High Temperature Polymers,FC(F)(F)C(*)(C1=CC=CC=C1)C1=CC=C(C=C1)C1=CC=C(*)C=C1,0.98421188064,0.0080327759706309,10,0.5162770278269343,0.3394362201645904,6.6,0.8195439355418687
Perm626,High Temperature Polymers,FC(F)(F)C(*)(C1=CC=CC=C1)C1=CC=C(C=C1)C1=CC=C(C=C1)C1=CC=C(*)C=C1,1.0713429299999997,0.0082082822569335,10,0.5256708191176317,0.2678741697603216,9.0,0.9542425094393249
Perm627,High Temperature Polymers,FC(F)(F)C(*)(C1=CC=CC=C1)C1=CC=C(OC2=CC=C(*)C=C2)C=C1,1.1618397795000002,0.0081070250376973,10,0.5059945022920231,0.2357500967374706,0.69,-0.16115090926274472
Perm628,High Temperature Polymers,FC(F)(F)C(*)(C1=CC=CC=C1)C1=CC=C(OC2=CC=C(C=C2)C(=O)C2=CC=C(OC3=CC=C(*)C=C3)C=C2)C=C1,1.1683543258,0.0074978684282882,10,0.5147769030871847,0.2181256319930085,0.15,-0.8239087409443188
Perm630,Polytriazole_NEW,FC(F)(F)C(C1=CC(*)=CC=C1)(C1=CC(=CC=C1)C1=NN=C(*)N1C1=CC=CC=C1)C(F)(F)F,1.162575822,0.0098298022671245,10,0.4671164795051512,0.2940241773304184,5.93,0.7730546933642626
Perm632,Polycarbonates,FC(F)(F)C(C1=CC(Br)=C(O*)C(Br)=C1)(C1=CC(Br)=C(OC(*)=O)C(Br)=C1)C(F)(F)F,1.7532324376,0.01123210402625,10,0.3035711286911481,0.3081000250777856,1.8,0.25527250510330607
Perm633,Polyimides_NEW,FC(F)(F)C(C1=CC2=C(C=C1)C(=O)N(*)C2=O)(C1=CC2=C(C=C1)C(=O)N(C2=O)C1=CC2=C(C=C1)C1C3=C(C=CC=C3)C2C2=C1C=C(*)C=C2)C(F)(F)F ,1.098556996,0.0072701937338844,10,0.4627326346864213,0.3391603749540355,10.7,1.0293837776852097
Perm634,Polyimides_NEW,FC(F)(F)C(C1=CC2=C(C=C1)C(=O)N(*)C2=O)(C1=CC2=C(C=C1)C(=O)N(C2=O)C1=CC2=CC=C3OC4CC(C3=C2C=C1)C1=C(O4)C=CC2=C1C=CC(*)=C2)C(F)(F)F,1.1846794992999998,0.0088324049454171,10,0.4589350300913417,0.2932018018422067,1.1,0.04139268515822508
Perm635,Polyimides_NEW,FC(F)(F)C(C1=CC2=C(C=C1)C(=O)N(*)C2=O)(C1=CC2=C(C=C1)C(=O)N(C2=O)C1=CC2=CC=C3OC4OC5=CC=C6C=C(*)C=CC6=C5C4C3=C2C=C1)C(F)(F)F,1.210899596,0.0090543210626224,10,0.4548907876003409,0.283924807791813,1.2,0.07918124604762482
Perm636,Polyimides_NEW,FC(F)(F)C(C1=CC2=C(C=C1)C(=O)N(*)C2=O)(C1=CC2=C(C=C1)C(=O)N(C2=O)C1=CC=C(C=C1)C1(C2=C(C=CC=C2)C2=C1C=CC=C2)C1=CC=C(*)C=C1)C(F)(F)F,1.0737487839,0.0083691180126522,10,0.4760085149584432,0.3355523667185246,3.3,0.5185139398778874
Perm637,Polyimides_NEW,FC(F)(F)C(C1=CC2=C(C=C1)C(=O)N(*)C2=O)(C1=CC2=C(C=C1)C(=O)N(C2=O)C1=CC=C(OC2=C(C3=C(C=CC=C3)C=C2)C2=C(OC3=CC=C(*)C=C3)C=CC3=C2C=CC=C3)C=C1)C(F)(F)F,1.211169584,0.0081232821915052,10,0.4759270879577693,0.2506430629230142,0.4,-0.3979400086720376
Perm638,Polyimides_NEW,FC(F)(F)C(C1=CC2=C(C=C1)C(=O)N(*)C2=O)(C1=CC2=C(C=C1)C(=O)N(C2=O)C1=CC=CC=C1OC1=C(C2=C(C=CC=C2)C=C1)C1=C(OC2=C(*)C=CC=C2)C=CC2=C1C=CC=C2)C(F)(F)F,1.1768405165999998,0.0082828771900064,10,0.4787780030751278,0.2675210417816553,0.13,-0.8860566476931632
Perm639,Polyimides and Polypyrrolones,FC(F)(F)C(C1=CC2=C(C=C1)C(=O)N(*)C2=O)(C1=CC=C2C(=O)N(C(=O)C2=C1)C1=C(Cl)C=C(CC2=CC=C(*)C(Cl)=C2)C=C1)C(F)(F)F,1.2395052541,0.0088463684738947,10,0.4419825963677484,0.2878083244558411,0.269,-0.5702477199975919
Perm640,Polyimides and Polypyrrolones,FC(F)(F)C(C1=CC2=C(C=C1)C(=O)N(*)C2=O)(C1=CC=C2C(=O)N(C(=O)C2=C1)C1=CC(*)=CC=C1)C(F)(F)F,1.2657399013,0.0078826868507492,10,0.4387697350579203,0.2780211305106691,0.345,-0.4621809049267259
Perm642,Polyimides_NEW,FC(F)(F)C(C1=CC2=C(C=C1)C(=O)N(*)C2=O)(C1=CC=C2C(=O)N(C(=O)C2=C1)C1=CC2=C(C=C1)C1C3=C(C=CC=C3)C2C2=C1C=CC(*)=C2)C(F)(F)F,1.134913017,0.0087217369895879,10,0.4626639855367635,0.3173916064123955,5.32,0.7259116322950482
Perm643,Polyimides and Polypyrrolones,FC(F)(F)C(C1=CC2=C(C=C1)C(=O)N(*)C2=O)(C1=CC=C2C(=O)N(C(=O)C2=C1)C1=CC2=C(C=C1)C1C=CC(*)=CC1C2)C(F)(F)F,1.1671531415,0.0091822464047108,10,0.4570934846171038,0.3064524745109549,0.8805,-0.05527063969670431
Perm644,Polyimides and Polypyrrolones,FC(F)(F)C(C1=CC2=C(C=C1)C(=O)N(*)C2=O)(C1=CC=C2C(=O)N(C(=O)C2=C1)C1=CC2=C(C=C1)C1C=CC(*)=CC1C2=O)C(F)(F)F,1.2290473068,0.0075608312332104,10,0.449568448111207,0.2816968425146651,0.339,-0.4698003017969178
Perm646,Polyimides and Polypyrrolones,FC(F)(F)C(C1=CC2=C(C=C1)C(=O)N(*)C2=O)(C1=CC=C2C(=O)N(C(=O)C2=C1)C1=CC=C(CC2=CC=C(*)C=C2)C=C1)C(F)(F)F,1.2199868958,0.0078472980112558,10,0.4617363697954574,0.2676939833958627,0.563,-0.24949160514865382
Perm647,Polyimides and Polypyrrolones,FC(F)(F)C(C1=CC2=C(C=C1)C(=O)N(*)C2=O)(C1=CC=C2C(=O)N(C(=O)C2=C1)C1=CC=C(OC2=CC=C(*)C=C2)C=C1)C(F)(F)F,1.2467960148,0.0075989707513939,10,0.4520213460957898,0.267348063208209,0.8275,-0.08223199755224364
Perm648,Polyimides and Polypyrrolones,FC(F)(F)C(C1=CC2=C(C=C1)C(=O)N(*)C2=O)(C1=CC=C2C(=O)N(C(=O)C2=C1)C1=CC=C(SC2=CC=C(*)C=C2)C=C1)C(F)(F)F,1.2650463555,0.0084969928536585,10,0.450178910872316,0.2596536523214225,0.87,-0.060480747381381476
Perm649,Polyimides and Polypyrrolones,FC(F)(F)C(C1=CC2=C(C=C1)C(=O)N(*)C2=O)(C1=CC=C2C(=O)N(C(=O)C2=C1)C1=CC=C(SC2=CC=C(SC3=CC=C(*)C=C3)C=C2)C=C1)C(F)(F)F,1.2634257693,0.0088858697875485,10,0.4582591528381531,0.2473306504726972,0.34,-0.46852108295774486
Perm650,Polyimides and Polypyrrolones,FC(F)(F)C(C1=CC2=C(C=C1)C(=O)N(*)C2=O)(C1=CC=C2C(=O)N(C(=O)C2=C1)C1=CC=C(SC2=CC=C(SC3=CC=C(SC4=CC=C(*)C=C4)C=C3)C=C2)C=C1)C(F)(F)F,1.2623415677,0.0078676420462941,10,0.463745084255439,0.2389738943261666,0.37,-0.431798275933005
Perm651,Polyimides and Polypyrrolones,FC(F)(F)C(C1=CC2=C(C=C1)C(=O)N(*)C2=O)(C1=CC=C2C(=O)N(C(=O)C2=C1)C1=CC=C(SC2=CC=C(SC3=CC=C(SC4=CC=C(SC5=CC=C(*)C=C5)C=C4)C=C3)C=C2)C=C1)C(F)(F)F,1.275237079,0.0075678201042485,10,0.4685237112361022,0.2232775483533435,0.29,-0.5376020021010439
Perm652,Polyimides and Polypyrrolones,FC(F)(F)C(C1=CC2=C(C=C1)C(=O)N(*)C2=O)(C1=CC=C2C(=O)N(C(=O)C2=C1)C1=CC=CC(*)=C1)C(F)(F)F,1.2450013021,0.0082586196236425,10,0.4381627400634077,0.2908328635161596,0.4935,-0.3067128429943445
Perm656,Polyimides and Polypyrrolones,FC(F)(F)C(C1=CC2=C(C=C1)C(=O)N(C2=O)C1=CC=C(C=C1)N(C1=CC=C(*)C=C1)C1=CC=C(C=C1)N(C1=CC=CC=C1)C1=CC=CC=C1)(C1=CC=C2C(=O)N(*)C(=O)C2=C1)C(F)(F)F,1.1209567064,0.0079469726263466,10,0.4874225531748664,0.2897065462184298,0.45,-0.3467874862246563
Perm657,Polyimides and Polypyrrolones,FC(F)(F)C(C1=CC2=C(C=C1)C(=O)N(C2=O)C1=CC=C(CC2=CC=C(*)C=C2)C=C1)(C1=CC=C2C(=O)N(*)C(=O)C2=C1)C(F)(F)F,1.1881082172,0.0093909664417798,10,0.4613650807791278,0.2874028633163294,0.81,-0.09151498112135022
Perm659,Polyimides_NEW,FC(F)(F)C(C1=CC2=C(C=C1)C(=O)N(C2=O)C1=CC=C(OC2=CC=C(C=C2)C2(C3=C(C=CC=C3)C3=C2C=CC=C3)C2=CC=C(OC3=CC=C(*)C=C3)C=C2)C=C1)(C1=CC=C2C(=O)N(*)C(=O)C2=C1)C(F)(F)F,1.1416576183,0.0073205039926661,10,0.4860048365807251,0.2786935385230592,1.26,0.10037054511756291
Perm661,Polyimides and Polypyrrolones,FC(F)(F)C(C1=CC2C(C=C1)C(=O)N(*)C2=O)(C1=CC=C2C(=O)N(C(=O)C2=C1)C1=CC(OC2=CC=CC(*)=C2)=CC=C1)C(F)(F)F,1.2472410676,0.0076144429925922,10,0.4570414162129371,0.2589469289367084,0.1,-1.0
Perm663,Polyimides and Polypyrrolones,FC(F)(F)C(C1=CC2C(C=C1)C(=O)N(*)C2=O)(C1=CC=C2C(=O)N(C(=O)C2=C1)C1=CC=C(C=C1)N(C1=CC=CC=C1)C1=CC=C(*)C=C1)C(F)(F)F,1.1931824784,0.0091483039446477,10,0.4733318492547027,0.2657973503008042,1.24,0.09342168516223506
Perm664,Polyamides and poly(amide-imides),FC(F)(F)C(C1=CC2C(C=C1)C(=O)N(*)C2=O)(C1=CC=C2C(=O)N(C(=O)C2=C1)C1=CC=C(NC(=O)C(F)(F)C(F)(F)C(F)(F)C(F)(F)C(=O)NC2=CC=C(*)C=C2)C=C1)C(F)(F)F,1.3087541114,0.0086561357615446,10,0.4269489886095088,0.2735973825390035,0.27,-0.5686362358410126
Perm665,Polyamides and poly(amide-imides),FC(F)(F)C(C1=CC2C(C=C1)C(=O)N(*)C2=O)(C1=CC=C2C(=O)N(C(=O)C2=C1)C1=CC=C(NC(=O)C(F)(F)C(F)(F)C(F)(F)C(F)(F)C(F)(F)C(F)(F)C(=O)NC2=CC=C(*)C=C2)C=C1)C(F)(F)F,1.330915841,0.0094949101627892,10,0.4139462243335349,0.2837941365260664,0.39,-0.4089353929735008
Perm667,Polyamides and poly(amide-imides),FC(F)(F)C(C1=CC2C(C=C1)C(=O)N(*)C2=O)(C1=CC=C2C(=O)N(C(=O)C2=C1)C1=CC=CC(NC(=O)C(F)(F)C(F)(F)C(F)(F)C(F)(F)C(=O)NC2=CC=C(*)C=C2)=C1)C(F)(F)F,1.3658993492,0.0086452887157374,10,0.426738462842986,0.2422536747214041,0.08,-1.0969100130080565
Perm668,Polyamides and poly(amide-imides),FC(F)(F)C(C1=CC2C(C=C1)C(=O)N(*)C2=O)(C1=CC=C2C(=O)N(C(=O)C2=C1)C1=CC=CC(NC(=O)C(F)(F)C(F)(F)C(F)(F)C(F)(F)C(F)(F)C(F)(F)C(=O)NC2=CC=C(*)C=C2)=C1)C(F)(F)F,1.3690152699,0.0087135164185511,10,0.415004459771819,0.2614083247445133,0.2,-0.6989700043360187
Perm669,High Temperature Polymers,FC(F)(F)C(C1=CC2N=C(*)OC2C=C1)(C1=CC=C2OC(=NC2=C1)C1=CC2=C(C=C1)C=C(*)C=C2)C(F)(F)F,1.1576148652,0.0089416410337714,10,0.4580714518154295,0.3106485814711273,0.21,-0.6777807052660807
Perm670,High Temperature Polymers,FC(F)(F)C(C1=CC2N=C(*)OC2C=C1)(C1=CC=C2OC(=NC2=C1)C1=CC=C(C=C1)C(=O)C1=CC=C(*)C=C1)C(F)(F)F,1.2046901515,0.008052649062582,10,0.4651189205698772,0.2715785622471056,0.55,-0.2596373105057561
Perm671,High Temperature Polymers,FC(F)(F)C(C1=CC2N=C(OC2C=C1)C1=CC(*)=CC=C1)(C1=CC=C2OC(=NC2=C1)C1=CC=CC(*)=C1)C(F)(F)F,1.1572314316,0.0083412956924899,10,0.4673975469660151,0.2968467278776471,48.0,1.6812412373755872
Perm672,Thermally Rearranged Polymers,FC(F)(F)C(C1=CC=C(*)C=C1)(C1=CC=C(C=C1)C1=NC2=C(O1)C=CC(=C2)C(C1=CC2=C(OC(*)=N2)C=C1)(C(F)(F)F)C(F)(F)F)C(F)(F)F,1.2053546363,0.0091071818276508,10,0.4315635438269208,0.3237567460672116,317.0,2.5010592622177517
Perm673,Thermally Rearranged Polymers,FC(F)(F)C(C1=CC=C(*)C=C1)(C1=CC=C(C=C1)C1=NC2=C(O1)C=CC(=C2)C(C1=CC=C2OC(*)=NC2=C1)(C(F)(F)F)C(F)(F)F)C(F)(F)F,1.1941772503,0.0095433782803817,10,0.4315832960920477,0.329996960056604,284.0,2.4533183400470375
Perm674,High Temperature Polymers,FC(F)(F)C(C1=CC=C(*)C=C1)(C1=CC=C(C=C1)C1=NC2=CC(=CC=C2O1)C(C1=CC2N=C(*)OC2C=C1)(C(F)(F)F)C(F)(F)F)C(F)(F)F,1.2336719599,0.0091607742731608,10,0.4356990559632357,0.3012373792142317,3.4,0.5314789170422551
Perm675,Polyoxadiazole_NEW,FC(F)(F)C(C1=CC=C(*)C=C1)(C1=CC=C(C=C1)C1=NN=C(*)O1)C(F)(F)F,1.2129731238,0.0081234735116024,10,0.440305678228641,0.3056973598677659,6.1,0.785329835010767
Perm680,Polyimides and Polypyrrolones,FC(F)(F)C(C1=CC=C(*)C=C1)(C1=CC=C(C=C1)N1C(=O)C2=CC=C(C=C2C1=O)C(=O)C1=CC=C2C(=O)N(*)C(=O)C2=C1)C(F)(F)F,1.2364644087,0.0087689229130908,10,0.4538196343265838,0.2705286264417094,0.45,-0.3467874862246563
Perm684,Polyimides and Polypyrrolones,FC(F)(F)C(C1=CC=C(*)C=C1)(C1=CC=C(C=C1)N1C(=O)C2=CC=C(C=C2C1=O)C1=CC2C(C=C1)C(=O)N(*)C2=O)C(F)(F)F,1.2008501129000002,0.0074341310578297,10,0.4597747489295545,0.2822432730911878,1.21,0.08278537031645007
Perm685,Poly(aryl ethers) and Poly(aryl ether ketones),FC(F)(F)C(C1=CC=C(*)C=C1)(C1=CC=C(OC2=CC=C(C=C2)C(=O)C2=CC=C(O*)C3=C2C=CC=C3)C=C1)C(F)(F)F,1.1989621344,0.0080392240642335,10,0.4791174859044668,0.253223159413104,0.325,-0.4881166390211256
Perm686,Poly(aryl ethers) and Poly(aryl ether ketones),FC(F)(F)C(C1=CC=C(*)C=C1)(C1=CC=C(OC2=CC=C(C=C2)C(=O)C2=CC=CC(=C2)C2=CC=CC(=C2)C(=O)C2=CC=C(O*)C=C2)C=C1)C(F)(F)F,1.1929557108,0.0079788930263809,10,0.493031492654099,0.2353858448042576,0.0792,-1.1012748184105066
Perm687,Poly(aryl ethers) and Poly(aryl ether ketones),FC(F)(F)C(C1=CC=C(*)C=C1)(C1=CC=C(OC2=CC=C(C=C2)C(=O)C2=CC=CC=C2C2=C(C=CC=C2)C(=O)C2=CC=C(O*)C=C2)C=C1)C(F)(F)F,1.1755061552,0.0085387468425392,10,0.4917214875985281,0.2485718740889788,0.146,-0.835647144215563
Perm688,Polysulfones,FC(F)(F)C(C1=CC=C(*)C=C1)(C1=CC=C(OC2=CC=C(C=C2)S(=O)(=O)C2=CC=C(O*)C=C2)C=C1)C(F)(F)F,1.2858423040999998,0.0076976695352494,10,0.4595658273794623,0.2317920629278003,0.4315,-0.36501919994877163
Perm692,Polycarbonates,FC(F)(F)C(C1=CC=C(O*)C=C1)(C1=CC=C(OC(*)=O)C=C1)C(F)(F)F,1.3207306144,0.0088344257994132,10,0.4363802484507526,0.2507570202570968,1.7,0.2304489213782739
Perm696,Polysulfones,FC(F)(F)C(C1=CC=C(O*)C=C1)(C1=CC=C(OC2=CC=C(C=C2)S(=O)(=O)C2=CC=C(*)C=C2)C=C1)C(F)(F)F,1.2476780186999998,0.0084718945342148,10,0.4595177228874237,0.2546707893353687,0.67,-0.17392519729917355
Perm698,Polyimides and Polypyrrolones,FC(F)(F)C(C1=CC=C(OC(=O)C2=CC3=C(C=C2)C(=O)N(*)C3=O)C=C1)(C1=CC=C(OC(=O)C2=CC=C3C(=O)N(C(=O)C3=C2)C2=CC=C(C=C2)C2=CC=C(*)C=C2)C=C1)C(F)(F)F,1.2286665857,0.007497079460956,10,0.4704826148241812,0.2485138516165945,0.0517,-1.2865094569060576
Perm702,Polyimides and Polypyrrolones,FC(F)(F)C(C1=CC=C(OC2=CC(=CC=C2)N2C(=O)C3=CC4C(C=C3C2=O)C(=O)N(*)C4=O)C=C1)(C1=CC=C(OC2=CC=CC(*)=C2)C=C1)C(F)(F)F,1.2611351888,0.0083545198624281,10,0.4658714354015861,0.2362150811657818,0.29,-0.5376020021010439
Perm705,Polyimides and Polypyrrolones,FC(F)(F)C(C1=CC=C(OC2=CC=C(*)C=C2)C=C1)(C1=CC=C(OC2=CC=C(C=C2)N2C(=C)C3=CC=C4C(=C)N(*)C(=C)C5=C4C3=C(C=C5)C2=C)C=C1)C(F)(F)F,1.1699170801,0.0082089605055351,10,0.4980354388250251,0.2425417837105556,0.72,-0.14266750356873156
Perm708,Polyimides and Polypyrrolones,FC(F)(F)C(C1=CC=C(OC2=CC=C(*)C=C2)C=C1)(C1=CC=C(OC2=CC=C(C=C2)N2C(=O)C3=CC4C(C=C3C2=O)C(=O)N(*)C4=O)C=C1)C(F)(F)F,1.2211622186,0.0074202362205594,10,0.4664136772795573,0.2595632107882848,0.66,-0.1804560644581313
Perm712,Polyimides and Polypyrrolones,FC(F)(F)C(C1=CC=C(OC2=CC=C(*)C=C2)C=C1)(C1=CC=C(OC2=CC=C(C=C2)N2C(=O)C3=CC=C(C=C3C2=O)C2=CC3=C(C=C2)C(=O)N(*)C3=O)C=C1)C(F)(F)F,1.2408310408000005,0.0068400743605602,10,0.472338622442595,0.2380798481558712,0.305,-0.5157001606532142
Perm713,Polyimides and Polypyrrolones,FC(F)(F)C(C1=CC=C(OC2=CC=C(*)C=C2)C=C1)(C1=CC=C(OC2=CC=C(C=C2)N2C(=O)C3=CC=C(C=C3C2=O)C2=CC=C3C(=O)N(*)C(=O)C3=C2)C=C1)C(F)(F)F,1.2542517813000005,0.0069746283845638,10,0.4722301311311949,0.2300158718987157,0.245,-0.6108339156354675
Perm718,Polyimides and Polypyrrolones,FC(F)(F)C(C1=CC=C2C(=O)N(*)C(=O)C2=C1)(C1=CC=C2C(=O)N(C(=O)C2=C1)C1=CC=C(OC2=CC=C(*)C=C2)C=C1)C(F)(F)F,1.2273959576000002,0.0074143862262897,10,0.4518354015310988,0.2790447710582033,0.733,-0.13489602535887207
Perm723,Polyimides and Polypyrrolones,FC(F)(F)C(C1=CC=C2C(=O)N(C(=O)C2=C1)C1=CC=C(*)C=C1)(C1=CC2=C(C=C1)C(=O)N(*)C2=O)C(F)(F)F,1.1405830809,0.0094425843539852,10,0.4387445601503137,0.3494479912123317,2.57,0.4099331233312945
Perm726,High Temperature Polymers,FC(F)(F)C(C1CC=C(*)C=C1)(C1=CC=C(C=C1)C1=NN=C(*)O1)C(F)(F)F,1.2876650194,0.0081865858806149,10,0.4462409766419883,0.2530084354017848,4.0,0.6020599913279624
Perm727,Vinyl and Vinylidene Polymers,FC(F)(F)C(F)(F)C(F)(F)C(F)(F)C(F)(F)C(F)(F)C(F)(F)COC(=O)C(*)C*,1.5607925227,0.010712170935197,10,0.359015792299937,0.2715460866011546,54.0,1.7323937598229686
Perm728,Polyimides and Polypyrrolones,FC(F)(F)C(F)(F)C(F)(F)C(F)(F)C(F)(F)C(F)(F)CCOC(=O)C1=CC(=CC(*)=C1)N1C(=O)C2=CC=C(C=C2C1=O)C(=O)C1=CC2=C(C=C1)C(=O)N(*)C2=O,1.3951985744000002,0.0091005235176851,10,0.4169481076175433,0.2437569730491934,4.49,0.6522463410033232
Perm729,Polyimides and Polypyrrolones,FC(F)(F)C(F)(F)C(F)(F)C(F)(F)C(F)(F)C(F)(F)CCOC(=O)C1=CC(=CC(*)=C1)N1C(=O)C2=CC=C(C=C2C1=O)C(C1=CC2=C(C=C1)C(=O)N(*)C2=O)(C(F)(F)F)C(F)(F)F,1.3984388926000002,0.0086352938309192,10,0.4002168086172604,0.2724176241645838,0.74,-0.13076828026902382
Perm730,Polyimides and Polypyrrolones,FC(F)(F)C(F)(F)C(F)(F)C(F)(F)C(F)(F)C(F)(F)CCOC(=O)C1=CC(=CC(*)=C1)N1C(=O)C2=CC=C(OC3=CC4=C(C=C3)C(=O)N(*)C4=O)C=C2C1=O,1.4018755067000002,0.0094659293007306,10,0.4153338463207255,0.2430797498613147,0.56,-0.25181197299379954
Perm734,Polyimides and Polypyrrolones,FC(F)(F)C1=C(OC2=CC=C(C=C2)C(C2=CC=C(OC3=C(C=C(C=C3)N3C(=O)C4=CC=C(C=C4C3=O)C(C3=CC=C4C(=O)N(*)C(=O)C4=C3)(C(F)(F)F)C(F)(F)F)C(F)(F)F)C=C2)(C(F)(F)F)C(F)(F)F)C=CC(*)=C1,1.3184349363,0.0088050504785106,10,0.4269115561913417,0.2682883564892748,1.3,0.11394335230683679
Perm736,Polyimides and Polypyrrolones,FC(F)(F)C1=CC(*)=CC(=C1)N1C(=O)C2=CC=C(C=C2C1=O)C(C1=CC2C(C=C1)C(=O)N(*)C2=O)(C(F)(F)F)C(F)(F)F,1.2405751930000002,0.008139955654607,10,0.4264197710096696,0.3122924733648622,1.17,0.06818586174616162
Perm737,Polyimides_NEW,FC(F)(F)C1=CC(*)=CC=C1OC1=C(C2=C(C=CC=C2)C=C1)C1=C(OC2=C(C=C(C=C2)N2C(=O)C3=C(C=C(C=C3)C(C3=CC4=C(C=C3)C(=O)N(*)C4=O)(C(F)(F)F)C(F)(F)F)C2=O)C(F)(F)F)C=CC2=C1C=CC=C2,1.2248247096,0.0086352459250906,10,0.4525376794531184,0.2794368686350093,0.78,-0.10790539730951958
Perm739,Poly(aryl ethers) and Poly(aryl ether ketones),FC(F)(F)C1=CC(=CC(=C1)C1=CC(O*)=CC=C1OC1=CC=C(C=C1)C(=O)C1=CC=C(*)C=C1)C(F)(F)F,1.2344660975,0.0088249985568458,10,0.4702251778223645,0.2453798477235969,0.54,-0.26760624017703144
Perm741,Poly(aryl ethers) and Poly(aryl ether ketones),FC(F)(F)C1=CC(=CC=C1)C1=CC(O*)=CC=C1OC1=CC=C(C=C1)C(=O)C1=CC=C(*)C=C1,1.1953095419000002,0.0075570957268357,10,0.4987325279774027,0.2250183255885123,0.051,-1.2924298239020637
Perm742,Poly(aryl ethers) and Poly(aryl ether ketones),FC(F)(F)C1=CC(=CC=C1)C1=CC(O*)=CC=C1OC1=CC=CC(*)=C1C#N,1.2040105658000002,0.0081865496422115,10,0.4854437947363996,0.2401767046459267,0.15,-0.8239087409443188
Perm743,Polyimides and Polypyrrolones,FC(F)(F)C1=CC(=CC=C1OC1=CC=C(C=C1)C1(C2=C(C=CC=C2)C2=C1C=CC=C2)C1=CC=C(OC2=CC=C(C=C2C(F)(F)F)C2=CC=C(C=C2)N2C(=O)C3=CC=C(C=C3C2=O)C(=O)C2=CC3C(C=C2)C(=O)N(*)C3=O)C=C1)C1=CC=C(*)C=C1,1.1082220867,0.0081875068419464,10,0.4960598970541962,0.2853321054859349,0.95,-0.022276394711152253
Perm744,Polyimides and Polypyrrolones,FC(F)(F)C1=CC(=CC=C1OC1=CC=C(C=C1)C1(C2=C(C=CC=C2)C2=C1C=CC=C2)C1=CC=C(OC2=CC=C(C=C2C(F)(F)F)C2=CC=C(C=C2)N2C(=O)C3=CC=C(C=C3C2=O)C(C2=CC3C(C=C2)C(=O)N(*)C3=O)(C(F)(F)F)C(F)(F)F)C=C1)C1=CC=C(*)C=C1,1.1770388616999998,0.0088226392385553,10,0.4705482197633586,0.2799903967452075,2.06,0.31386722036915343
Perm745,Polyimides and Polypyrrolones,FC(F)(F)C1=CC(=CC=C1OC1=CC=C(C=C1)C1(C2=C(C=CC=C2)C2=C1C=CC=C2)C1=CC=C(OC2=CC=C(C=C2C(F)(F)F)C2=CC=C(C=C2)N2C(=O)C3=CC=C(OC4=CC5C(C=C4)C(=O)N(*)C5=O)C=C3C2=O)C=C1)C1=CC=C(*)C=C1,1.1457557578,0.0074251853663463,10,0.4954182457902517,0.2620832000766366,1.22,0.08635983067474821
Perm747,Polyimides and Polypyrrolones,FC(F)(F)C1=CC(=CC=C1OC1=CC=C(C=C1)C1(N(C(=O)C2=C1C=CC=C2)C1=CC=CC=C1)C1=CC=C(OC2=C(C=C(C=C2)C2=CC=C(C=C2)N2C(=O)C3=CC=C(C=C3C2=O)C(=O)C2=CC=C3C(=O)N(*)C(=O)C3=C2)C(F)(F)F)C=C1)C1=CC=C(*)C=C1,1.1566289866,0.0073560829459603,10,0.4918343498932572,0.2604691746002598,0.83,-0.08092190762392612
Perm748,Polyimides and Polypyrrolones,FC(F)(F)C1=CC(=CC=C1OC1=CC=C(C=C1)C1(N(C(=O)C2=C1C=CC=C2)C1=CC=CC=C1)C1=CC=C(OC2=C(C=C(C=C2)C2=CC=C(C=C2)N2C(=O)C3=CC=C(C=C3C2=O)C(C2=CC=C3C(=O)N(*)C(=O)C3=C2)(C(F)(F)F)C(F)(F)F)C(F)(F)F)C=C1)C1=CC=C(*)C=C1,1.1019675661,0.0081490628206558,10,0.4693137468749382,0.3276809144046387,1.71,0.23299611039215382
Perm749,Polyimides and Polypyrrolones,FC(F)(F)C1=CC(=CC=C1OC1=CC=C(C=C1)C1(N(C(=O)C2=C1C=CC=C2)C1=CC=CC=C1)C1=CC=C(OC2=C(C=C(C=C2)C2=CC=C(C=C2)N2C(=O)C3=CC=C(OC4=CC=C5C(=O)N(*)C(=O)C5=C4)C=C3C2=O)C(F)(F)F)C=C1)C1=CC=C(*)C=C1,1.1433971593,0.0077893107282361,10,0.4910347717562208,0.2701179079133372,0.96,-0.017728766960431602
Perm750,Polyimides and Polypyrrolones,FC(F)(F)C1=CC(=CC=C1OC1=CC=C(C=C1)N1C(=O)C2=C(C=C(C=C2)C(C2=CC=C3C(=O)N(*)C(=O)C3=C2)(C(F)(F)F)C(F)(F)F)C1=O)C1=CC=C(C=C1)C1=CC(=C(OC2=CC=C(*)C=C2)C=C1)C(F)(F)F,1.2480218478,0.0079515947401767,10,0.4540507265415217,0.2633352052467328,2.87,0.4578818967339923
Perm753,Polyimides and Polypyrrolones,FC(F)(F)C1=CC(=CC=C1OC1=CC=C(C=C1)N1C(=O)C2=C(C=C(C=C2)C(C2=CC=C3C(=O)N(*)C(=O)C3=C2)(C(F)(F)F)C(F)(F)F)C1=O)C1=CC=CC(=N1)C1=CC(=C(OC2=CC=C(*)C=C2)C=C1)C(F)(F)F,1.2693661593,0.0078499758346442,10,0.450685188748575,0.2562901147762734,1.91,0.28103336724772754
Perm754,Poly(aryl ethers) and Poly(aryl ether ketones),FC(F)(F)C1CC(CCC1OC1=CC=C(C=C1)C1(C2=CC=CC=C2C2=C1C=CC=C2)C1=CC=C(*)C=C1)C1=CC(=CN=C1)C1=CC(=C(O*)C=C1)C(F)(F)F,1.1185331837999997,0.007610801737264,10,0.5068720014976558,0.2629609003014735,2.06,0.31386722036915343
Perm755,Poly(aryl ethers) and Poly(aryl ether ketones),FC(F)(F)C1CC(CCC1OC1=CC=C(C=C1)C1(C2=CC=CC=C2C2=C1C=CC=C2)C1=CC=C(*)C=C1)C1=CC=C(S1)C1=CC(=C(O*)C=C1)C(F)(F)F,1.1351730984,0.0090479264905566,10,0.4992024537316877,0.2633144450290726,1.99,0.29885307640970665
Perm763,Polyimides and Polypyrrolones,FC1=CC(*)=CC=C1CC1=C(F)C=C(C=C1)N1C(=O)C2=CC=C(C=C2C1=O)C1=CC2=C(C=C1)C(=O)N(*)C2=O,1.2053636637,0.0071625075921802,10,0.4834128333095837,0.2425052570110716,0.0203,-1.6925039620867872
Perm764,Vinyl and Vinylidene Polymers,FC1=CC=C(C=C1)C(*)C*,1.0444400342,0.0094326932133355,10,0.5508159145762442,0.2521175495447081,0.83,-0.08092190762392612
Perm765,Polynorbornenes,FCC1CC2CC1C(*)C2*,0.9403314681,0.0091068218666325,10,0.5682030688308722,0.3054110063395426,17.0,1.2304489213782739
Perm768,Uncategorised,NC1=CC(OC2=CC(NC(=O)C3=CC(=CC=C3C(O)=O)C(C3=CC=C(C(=O)N*)C(=C3)C(O)=O)(C(F)(F)F)C(F)(F)F)=C(N)C=C2)=CC=C1*,1.3261779819,0.0092604050333948,10,0.4594587217008485,0.2078787475949395,0.17,-0.769551078621726
Perm774,Polysulfones,OC(=O)C1=C(C=CC=C1)C(C1=CC=C(O*)C=C1)C1=CC=C(OC2=CC=C(C=C2)S(=O)(=O)C2=CC=C(*)C=C2)C=C1,1.1807389857,0.0084419625672691,10,0.5141814571796529,0.2107516801191332,0.0437,-1.359518563029578
Perm775,Poly(aryl ethers) and Poly(aryl ether ketones),OC(=O)C1C=CC=CC1C(C1=CC=C(O*)C=C1)C1=CC=C(OC2=CC=C(C=C2)C(=O)C2=CC=C(*)C=C2)C=C1,1.1071627052,0.0072229780880391,10,0.5405658042140449,0.2219574124280939,0.0485,-1.3142582613977363
Perm780,Vinyl and Vinylidene Polymers,OC1=CC=C(C=C1)C(*)C*,1.0351517325,0.0091283839526238,10,0.5755954836390259,0.225422739259453,0.015,-1.8239087409443189
Perm781,Polyoxadiazole_NEW,OC1=CC=C(C=C1)N1C(*)=NN=C1C1=CC=C(C=C1)C(C1=CC=C(*)C=C1)(C(F)(F)F)C(F)(F)F,1.1530272488,0.0093023420317463,10,0.4605898603709136,0.3096055426127541,10.2,1.0086001717619175
Perm782,Polytriazole_NEW,OC1=CC=C(C=C1)N1C(*)=NN=C1C1=CC=CC(=C1)C(C1=CC(*)=CC=C1)(C(F)(F)F)C(F)(F)F,1.2112495356999995,0.0091636197044149,10,0.4613609953762471,0.2735297211285604,2.37,0.37474834601010387
Perm783,Thermally Rearranged Polymers,OC1=CC=C(C=C1*)C(C1=CC(N2C(=O)C3=C(C=C(C=C3)C(C3=CC4=C(C=C3)C(=O)N(*)C4=O)(C(F)(F)F)C(F)(F)F)C2=O)=C(O)C=C1)(C(F)(F)F)C(F)(F)F,1.2437299271000002,0.0088998991776867,10,0.4216089656932539,0.3183220053837097,0.4,-0.3979400086720376
Perm790,Polypropynes & Polyalkynes,[H]C(*)=C(*)C(C)(C)C,0.7513085524800001,0.0088348670303985,10,0.6995499721713839,0.3167487599266412,43.0,1.6334684555795864
Perm791,Polysulfones,[H]C([H])(C1=CC=C(*)C=C1)C1=CC=C(OC2=CC=C(C=C2)S(=O)(=O)C2=CC=C(O*)C=C2)C=C1,1.1890185891,0.0074089331594955,10,0.5184980621036261,0.1985450154704009,0.2,-0.6989700043360187
Perm792,Polysulfones,[H]C([H])(C1=CC=C(O*)C=C1)C1=CC=C(OC2=CC=C(C=C2)S(=O)(=O)C2=CC=C(*)C=C2)C=C1,1.19386942,0.0080822542162577,10,0.5186908641248374,0.194976090554376,0.2,-0.6989700043360187
Perm793,Polyimides_NEW,[H]C1=C([H])C2([H])C3C(C(=O)N(*)C3=O)C1([H])C1C2C(=O)N(C1=O)C1=CC2=C(C=C1O)C1(CC(C)(C)C3=C1C=C(O)C(*)=C3)CC2(C)C,0.91768011925,0.00780552837953,10,0.5207919374340048,0.3787034705764611,5.5,0.7403626894942439
Perm794,Polyarylates,[H]C1=CC(=CC(=C1)C(=O)OC1=C(Br)C=C(C=C1Br)C(C1=CC(Br)=C(O*)C(Br)=C1)(C(F)(F)F)C(F)(F)F)C(*)=O,1.6476787955,0.0109959747040333,10,0.3332759103037495,0.2861288544040176,1.07,0.029383777685209667
Perm795,Polyarylates,[H]C1=CC(=CC(=C1)C(=O)OC1=C(Br)C=C(C=C1Br)C1(C2C=CC=CC2C2C=CC=CC12)C1=CC(Br)=C(O*)C(Br)=C1)C(*)=O,1.3483888815999998,0.0097771227610809,10,0.387873774851301,0.3200939088841693,0.705,-0.15181088300860132
Perm796,Polyarylates,[H]C1=CC(=CC(=C1)C(=O)OC1=C(Br)C=C(C=C1Br)C1(OC(=O)C2C=CC=CC12)C1=CC(Br)=C(O*)C(Br)=C1)C(*)=O,1.5278011024,0.0096667695265405,10,0.3663908887881951,0.2722958750601036,0.29,-0.5376020021010439
Perm797,Polyarylates,[H]C1=CC(=CC(=C1)C(=O)OC1=C(C)C=C(C=C1Br)C(C)(C)C1=CC(Br)=C(O*)C(C)=C1)C(*)=O,1.2719313385,0.0083786594733464,10,0.4392350698988829,0.2737200945155846,0.219,-0.6595558851598816
Perm798,Polyarylates,[H]C1=CC(=CC(=C1)C(=O)OC1=C(C)C=C(C=C1C)C(C)(C)C1=CC(C)=C(O*)C(C)=C1)C(*)=O,0.98704817264,0.0075369485460011,10,0.5668886248472059,0.2725897043804117,0.579,-0.23732143627256383
Perm799,Polyarylates,[H]C1=CC(=CC(=C1)C(=O)OC1=C(C)C=C(C=C1[H])C(C)(C)C1=CC([H])=C(O*)C(C)=C1)C(*)=O,1.0395196877,0.0074914784300581,10,0.5564239192465157,0.2480622956068676,0.0628,-1.202040356262804
Perm800,Polyarylates,[H]C1=CC(=CC(=C1)C(=O)OC1=C(C=C(C=C1[H])C(C)(C)C1=CC([H])=C(O*)C(=C1)C(C)C)C(C)C)C(*)=O,0.97041524134,0.0088113782485579,10,0.5772367084249015,0.2717929103686046,0.273,-0.563837352959244
Perm802,Polyarylates,[H]C1=CC(=CC(=C1)C(=O)OC1=C([H])C=C(C=C1[H])C1(C2C=CC=CC2C2C=CC=CC12)C1=CC([H])=C(O*)C([H])=C1)C(*)=O,1.08543837,0.007440588336887,10,0.542302116439159,0.2347738170901475,0.57,-0.24412514432750865
Perm803,Uncategorised,[H]C1=CC(=CC(=C1)C(=O)OC1=C([H])C=C(C=C1[H])C1(OC(=O)C2=C1C=CC=C2)C1=CC([H])=C(O*)C([H])=C1)C(*)=O,1.1835343889,0.0079726375514162,10,0.5106254692096135,0.2143543565448915,0.264,-0.5783960731301689
Perm804,Polyarylates,[H]C1=CC(=CC(=C1)C(=O)OC1=C([H])C=C(C=C1[H])C1(OC(=O)C2C=CC=CC12)C1=CC([H])=C(O*)C([H])=C1)C(*)=O,1.1489238413999998,0.0074796209767408,10,0.5169511465231258,0.2278812537966709,0.276,-0.5590909179347823
Perm805,Polyarylates,[H]C1=CC(=CC(C(C)C)=C1OC(=O)C1=CC(=CC(=C1)C(*)=O)C(C)(C)C)C(C)(C)C1=CC([H])=C(O*)C(=C1)C(C)C,0.94723717253,0.0076668433373793,10,0.5927914748996994,0.2700316432409564,1.079,0.033021444682910656
Perm808,Polyarylates,[H]C1=CC(=CC(C)=C1OC(=O)C1=CC(=CC(=C1)C(*)=O)C(C)(C)C)C(C)(C)C1=CC([H])=C(O*)C(C)=C1,0.96934995077,0.0073315994544893,10,0.5774270544997215,0.2723524470916574,0.393,-0.4056074496245733
Perm809,Polyarylates,[H]C1=CC(=CC([H])=C1O*)C(C)(C)C1=CC([H])=C(OC(=O)C2=CC(=CC(=C2)C(*)=O)C(C)(C)C)C([H])=C1,1.0411525950999998,0.0069477346125289,10,0.5674867482912863,0.2319076091311669,1.1835,0.07316826226510155
Perm812,Polyarylates,[H]C1=CC(=CC([H])=C1O*)C1(C2C=CC=CC2C2C=CC=CC12)C1=CC([H])=C(OC(=O)C2=CC(=CC(=C2)C(*)=O)C(C)(C)C)C([H])=C1,0.98517148438,0.0079841826271502,10,0.5601293603759864,0.2826294845716404,1.935,0.2866809693549302
Perm813,Uncategorised,[H]C1=CC(=CC([H])=C1O*)C1(C2C=CC=CC2C2C=CC=CC12)C1=CC([H])=C(OC(=O)C2=CC=CC(=C2)C(*)=O)C([H])=C1,1.0828545367,0.0072960745229038,10,0.5414427642980074,0.2378051202114679,0.556,-0.2549252084179425
Perm814,Uncategorised,[H]C1=CC(=CC([H])=C1O*)C1(OC(=O)C2=C1C=CC=C2)C1=CC([H])=C(OC(=O)C2=CC(=CC(=C2)C(*)=O)C(C)(C)C)C([H])=C1,1.0639615084,0.0078009018443379,10,0.533918176452374,0.261511095105421,1.06,0.02530586526477026
Perm815,Polyarylates,[H]C1=CC(=CC([H])=C1O*)C1(OC(=O)C2C=CC=CC12)C1=CC([H])=C(OC(=O)C2=CC(=CC(=C2)C(*)=O)C(C)(C)C)C([H])=C1,1.0581975964,0.0078546293899152,10,0.5390727379179576,0.258420881785585,1.09,0.037426497940623665
Perm817,Polyimides_NEW,[H]C1=CC(OC2=CC=C(C=C2)C2(OC(=O)C3=CC=CC=C23)C2=CC=C(OC3=CC=C(C([H])=C3)N3C(=O)C4=C(C=C(C=C4)C(C4=CC5=C(C=C4)C(=O)N(*)C5=O)(C(F)(F)F)C(F)(F)F)C3=O)C=C2)=CC=C1*,1.1905493382,0.0079925999552476,10,0.4743687488633787,0.2658127799713251,0.965,-0.015472686656207449
Perm818,Substituted Polyacetylenes,[H]C1=CC2=C(C=C1)C1=CC=C(C=C1C2(C)C)C(*)=C(*)C1=CC(F)=C(F)C=C1,0.8388985353099999,0.0089459903679961,10,0.5360772089329231,0.4153712989970274,5100.0,3.7075701760979363
Perm819,Substituted Polyacetylenes,[H]C1=CC2=C(C=C1)C1=CC=C(C=C1C2(C)C)C(*)=C(*)C1=CC(F)=CC(F)=C1,0.87818701535,0.0116212581702475,10,0.5355760170127588,0.3885633249644817,1700.0,3.230448921378274
Perm820,Substituted Polyacetylenes,[H]C1=CC2=C(C=C1)C1=CC=C(C=C1C2(C)C)C(*)=C(*)C1=CC(F)=CC=C1,0.82458088165,0.0089561651359787,10,0.5564179939188358,0.4035448680110265,4200.0,3.6232492903979003
Perm821,Substituted Polyacetylenes,[H]C1=CC2=C(C=C1)C1=CC=C(C=C1C2(C)C)C(*)=C(*)C1=CC=C(Br)C=C1,1.0256030358,0.0116782223204404,10,0.4894733504070827,0.3473930396430885,3500.0,3.5440680443502757
Perm822,Substituted Polyacetylenes,[H]C1=CC2=C(C=C1)C1=CC=C(C=C1C2(C)C)C(*)=C(*)C1=CC=C(C=C1)C(C)(C)C,0.80209677779,0.009078394684714,10,0.6026374087604555,0.3716144191347805,2500.0,3.3979400086720375
Perm824,Substituted Polyacetylenes,[H]C1=CC2=C(C=C1)C1=CC=C(C=C1C2(C)C)C(*)=C(*)C1=CC=C(F)C=C1,0.8852738591799999,0.0103810813282808,10,0.5567215321823645,0.3592936749312103,4700.0,3.6720978579357175
Perm825,Substituted Polyacetylenes,[H]C1=CC2=C(C=C1)C1=CC=C(C=C1C2(C)C)C(*)=C(*)C1=CC=CC=C1,0.8342967504599998,0.0094330913937814,10,0.5804557435964323,0.3704459571311498,3300.0,3.5185139398778875
Perm832,Polyimides and Polypyrrolones,[H]C1=CC=C(C=C1)N(C1=CC=C(*)C=C1)C1=CC=C(C=C1)N1C(=O)C2=C(C=C(C=C2)C(C2=CC=C3C(=O)N(*)C(=O)C3=C2)(C(F)(F)F)C(F)(F)F)C1=O,1.2221289478,0.0074813591680962,10,0.4696120535383933,0.2538955696754039,0.08,-1.0969100130080565
Perm834,Polyamides_NEW,[H]N(*)C(=O)C1=CC=C(C=C1)C(C1=CC=C(C=C1)C(=O)N([H])C1=C(C)C2=C(C=C1C)C1C3=C(C=CC=C3)C2C2=C1C=C(C)C(*)=C2C)(C(F)(F)F)C(F)(F)F,1.01310316193,0.0083332542205196,10,0.500610595084391,0.3406787701916479,5.8,0.7634279935629372
Perm837,Polyimides_NEW,*c1cccc2c(N3C(=O)c4ccc(-c5ccc6c(c5)C(=O)N(*)C6=O)cc4C3=O)cccc12,1.0584244866,0.0064747591915536,10,0.4930021353908231,0.3216528083431436,0.025,-1.6020599913279623
Perm838,Polyimides_NEW,*CC1(C)CC(N2C(=O)c3ccc(-c4ccc5c(c4)C(=O)N(*)C5=O)cc3C2=O)CC(C)(C)C1,1.0554013781,0.0073110912337994,10,0.5371395178181623,0.2630328764615646,0.165,-0.7825160557860937
